Etymon pt-PT	hiTenTen21 Relative (1)	hiTenTen21 Absolute (1)	Etymon pt-PT New Spelling	DALGADO Pt-Lemma	Etymology	Etymology Free	Alternative Etymology (1)	Headword	Transliteration	Urdu 	Part of Speech	Pronunciation	Gender	Definition	Domain	Lexical field	Grammar	direct singular	oblique singular	vocative singular	direct plural	oblique plural	vocative plural	Etymon pt-PT_1
achar	8	7315		achar	achar (Source: Dalgado)	achar (Source: Dalgado)	 Ø¢Ú†Ø§Ø± Persian https://en.wiktionary.org/wiki/%D8%A2%DA%86%D8%A7%D8%B1#Persian (source: Wiktionary) 	à¤…à¤šà¤¾à¤°	achÄr	Ø§Ú†Ø§Ø±	noun	(Delhi) IPA(key): /É™.tÍ¡ÊƒÉ‘ËÉ¾/, [É.tÍ¡ÊƒÃ¤ËÉ¾]	m.	achar (a spicy and salty pickle of Indian cuisine)	culinary	food / preserves		à¤…à¤šà¤¾à¤°	à¤…à¤šà¤¾à¤°	à¤…à¤šà¤¾à¤°	à¤…à¤šà¤¾à¤°	à¤…à¤šà¤¾à¤°à¥‹à¤‚	à¤…à¤šà¤¾à¤°à¥‹	achar
agosto	97.61	87,980		NA		agosto (Source:  W)	English August (Source: McGregor)	à¤…à¤—à¤¸à¥à¤¤	agasta	Ø§Ú¯Ø³Øª	noun	(Delhi Hindi) IPA(key): /É™.É¡É™stÌª/, [É.É¡ÉstÌª]	m.	August	calendar	month	masc cons-stem	à¤…à¤—à¤¸à¥à¤¤	à¤…à¤—à¤¸à¥à¤¤	à¤…à¤—à¤¸à¥à¤¤	à¤…à¤—à¤¸à¥à¤¤	à¤…à¤—à¤¸à¥à¤¤à¥‹à¤‚	à¤…à¤—à¤¸à¥à¤¤à¥‹	agosto
aia				aia	aia (Source: Dalgado)			à¤†à¤¯à¤¾	ÄyÄ	Ø¢ÛŒØ§â€	noun	(Delhi Hindi) IPA(key): /É‘Ë.jÉ‘Ë/, [Ã¤Ë.jÃ¤Ë]	f.	ayah: nurse maid, nurse	occupations	domestic service / childcare	fem Ä-stem	à¤†à¤¯à¤¾	à¤†à¤¯à¤¾	à¤†à¤¯à¤¾	à¤†à¤¯à¤¾à¤à¤	à¤†à¤¯à¤¾à¤“à¤‚	à¤†à¤¯à¤¾à¤“	aia
alfinete	0.03	28		alfinete	alfinete (Source: Dalgado)			à¤†à¤²à¤ªà¥€à¤¨	ÄlapÄ«n 	Ø¢Ù„Ù¾ 	noun	(Delhi Hindi) IPA(key): /É‘Ël.piËn/, [Ã¤Ël.pÄ©Ën]	f.	safety pin & a pin	sewing	accessories	fem cons-stem	à¤†à¤²à¤ªà¥€à¤¨	à¤†à¤²à¤ªà¥€à¤¨	à¤†à¤²à¤ªà¥€à¤¨	à¤†à¤²à¤ªà¥€à¤¨à¥‡à¤‚	à¤†à¤²à¤ªà¥€à¤¨à¥‹à¤‚	à¤†à¤²à¤ªà¥€à¤¨à¥‹	alfinete
ambar			Ã¢mbar	ambar	ambar (Source: Dalgado); Persian Ø¹Ù†Ø¨Ø± https://en.wiktionary.org/wiki/%D8%B9%D9%86%D8%A8%D8%B1#Persian (source:  Wiktionary); Arabic Ø¹ÙÙ†Ù’Ø¨ÙØ± https://en.wiktionary.org/wiki/%D8%B9%D9%86%D8%A8%D8%B1#Arabic (Source: Dalgado)	ambar (Source: Dalgado); Persian Ø¹Ù†Ø¨Ø±  (source:  Wiktionary); Arabic Ø¹ÙÙ†Ù’Ø¨ÙØ±  (Source: Dalgado)	Persian Ø¹Ù†Ø¨Ø± https://en.wiktionary.org/wiki/%D8%B9%D9%86%D8%A8%D8%B1#Persian (source:  Wiktionary); Arabic Ø¹ÙÙ†Ù’Ø¨ÙØ± https://en.wiktionary.org/wiki/%D8%B9%D9%86%D8%A8%D8%B1#Arabic (Source: Dalgado)	à¤…à¤‚à¤¬à¤°	ambar	Ø¹Ù†Ø¨Ø±	noun	(Delhi) IPA(key): /É™m.bÉ™É¾/, [ÉÌƒm.bÉÉ¾]	m.	ambergris perfume	materials	substances	masc cons-stem	à¤…à¤‚à¤¬à¤°	à¤…à¤‚à¤¬à¤°	à¤…à¤‚à¤¬à¤°	à¤…à¤‚à¤¬à¤°	à¤…à¤‚à¤¬à¤°à¥‹à¤‚	à¤…à¤‚à¤¬à¤°à¥‹	ama
amen			amÃ©m ou Ã¡men	amen	amen (Source: Dalgado); Arabic Ø¢Ù…ÙŠÙ† https://en.wiktionary.org/wiki/%D8%A2%D9%85%D9%8A%D9%86 (Source: Dalgado)	amen (Source: Dalgado); Arabic Ø¢Ù…ÙŠÙ†  (Source: Dalgado)	Arabic Ø¢Ù…ÙŠÙ† https://en.wiktionary.org/wiki/%D8%A2%D9%85%D9%8A%D9%86 (Source: Dalgado)	à¤†à¤®à¥€à¤¨	ÄmÄ«n	Ø¢Ù…ÛŒÙ†	interjection			amen	religion	practices, beliefs and rituals								ambar
ananÃ¡s	2.82	2,541		ananÃ¡s	ananÃ¡s (Source: Dalgado)	ananÃ¡s (Source: Dalgado)		à¤…à¤¨à¤¨à¥à¤¨à¤¾à¤¸	anannÄsa	Ø§Ù†Ù†Ø§Ø³	noun	(Delhi Hindi) IPA(key): /É™.nÉ™n.nÉ‘Ës/, [É.nÉÌƒn.nÃ¤Ës]	m.	pineapple (fruit)	botany	fruits	masc cons-stem	à¤…à¤¨à¤¨à¥à¤¨à¤¾à¤¸	à¤…à¤¨à¤¨à¥à¤¨à¤¾à¤¸	à¤…à¤¨à¤¨à¥à¤¨à¤¾à¤¸	à¤…à¤¨à¤¨à¥à¤¨à¤¾à¤¸	à¤…à¤¨à¤¨à¥à¤¨à¤¾à¤¸à¥‹à¤‚	à¤…à¤¨à¤¨à¥à¤¨à¤¾à¤¸à¥‹	amen
anis				? anis	? anis (Source: Dalgado); Greek á¼„Î½Î¹ÏƒÎ¿Î½ https://en.wiktionary.org/wiki/%E1%BC%84%CE%BD%CE%B9%CF%83%CE%BF%CE%BD (Source: Dalgado) ; Latin anisum https://en.wiktionary.org/wiki/anisum#Latin (Source: Dalgado)	? anis (Source: Dalgado); Greek á¼„Î½Î¹ÏƒÎ¿Î½  (Source: Dalgado) ; Latin anisum  (Source: Dalgado)	Greek á¼„Î½Î¹ÏƒÎ¿Î½ https://en.wiktionary.org/wiki/%E1%BC%84%CE%BD%CE%B9%CF%83%CE%BF%CE%BD (Source: Dalgado) ; Latin anisum https://en.wiktionary.org/wiki/anisum#Latin (Source: Dalgado)	à¤…à¤¨à¥€à¤¸à¥‚à¤¨	anÄ«sun	Ø§ÙÙ†ÙÛŒØ³ÙÙˆÙ†	noun		m.	aniseed										ananÃ¡s
armÃ¡rio	4.93	4,445		armÃ¡rio	armÃ¡rio (Source: Dalgado)	armÃ¡rio (Source: Dalgado)		à¤…à¤²à¤®à¤¾à¤°à¥€	alamÄrÄ«	Ø§ÙÙ„Ù’Ù…Ø§Ø±ÛŒ	noun	(Delhi Hindi) IPA(key): /É™l.mÉ‘Ë.É¾iË/, [Él.mÃ¤Ë.É¾iË]	f.	cupboard, shelf; almirah	furniture	pieces of furniture	fem Ä«-stem	à¤…à¤²à¤®à¤¾à¤°à¥€	à¤…à¤²à¤®à¤¾à¤°à¥€	à¤…à¤²à¤®à¤¾à¤°à¥€	à¤…à¤²à¤®à¤¾à¤°à¤¿à¤¯à¤¾à¤	à¤…à¤²à¤®à¤¾à¤°à¤¿à¤¯à¥‹à¤‚	à¤…à¤²à¤®à¤¾à¤°à¤¿à¤¯à¥‹	anis
arrÃ¡tel				arrÃ¡tel	arrÃ¡tel (Source: Dalgado); Arabic ratÌ¤l (Source: McGregor)	arrÃ¡tel (Source: Dalgado); Arabic ratÌ¤l (Source: McGregor)	Arabic ratÌ¤l (Source: McGregor)	à¤°à¤¤à¤²	ratal	Ø±Ø·Ù„	noun		m.	a pound weight										armÃ¡rio
bacia ou bacio				bacia ou bacio	bacia ou bacio (Source: Dalgado); Sanskrit à¤­à¤¾à¤œà¤¨ https://kosha.app/word/sa/%E0%A4%AD%E0%A4%BE%E0%A4%9C%E0%A4%A8 (Source: Dalgado)	bacia ou bacio (Source: Dalgado); Sanskrit à¤­à¤¾à¤œà¤¨  (Source: Dalgado)	Sanskrit à¤­à¤¾à¤œà¤¨ https://kosha.app/word/sa/%E0%A4%AD%E0%A4%BE%E0%A4%9C%E0%A4%A8 (Source: Dalgado)	à¤¬à¤¾à¤¸à¤¨	bÄsan	Ø¨Ø§Ø³Ù†	noun	(Delhi) IPA(key): /bÉ‘Ë.sÉ™n/, [bÃ¤Ë.sÉÌƒn]	m.	pot; any container 	household	tableware								arrÃ¡tel
bafo				? bafo	? bafo (Source: Dalgado); Sanksrit à¤µà¤¾à¤·à¥à¤ª https://en.wiktionary.org/wiki/%E0%A4%B5%E0%A4%BE%E0%A4%B7%E0%A5%8D%E0%A4%AA#Sanskrit (Source: Dalgado)	? bafo (Source: Dalgado); Sanksrit à¤µà¤¾à¤·à¥à¤ª  (Source: Dalgado)	Sanksrit à¤µà¤¾à¤·à¥à¤ª https://en.wiktionary.org/wiki/%E0%A4%B5%E0%A4%BE%E0%A4%B7%E0%A5%8D%E0%A4%AA#Sanskrit (Source: Dalgado)	à¤­à¤¾à¤ª	bhÄp	Ø¨Ú¾Ø§Ù¾	noun		m.	steam, water vapour  & vapour, gas	sensory perception	smell								ata
baixel				? baixel	? baixel (Source: Dalgado); Arabic Ø¨ØºÙ„Ø© https://en.wiktionary.org/wiki/%D8%A8%D8%BA%D9%84%D8%A9 (Source: Dalgado)	? baixel (Source: Dalgado); Arabic Ø¨ØºÙ„Ø©  (Source: Dalgado)	Arabic Ø¨ØºÙ„Ø© https://en.wiktionary.org/wiki/%D8%A8%D8%BA%D9%84%D8%A9 (Source: Dalgado)	à¤¬à¤œà¤°à¤¾	bajrÄ	Ø¨Ø¬Ø±Ø§	noun		m.	A kind of boat commonly used for travelling; a large kind of pleasure-boat (round-bottomed and keel-less, â€” commonly called 'budgerow').										bacia ou bacio
balde	4.31	3,889		balde	balde (Source: Dalgado)	balde (Source: Dalgado)		à¤¬à¤¾à¤²à¤Ÿà¥€	bÄlaá¹­Ä«	Ø¨Ø§Ù„Ù¹ÛŒ	noun	(Delhi Hindi) IPA(key): /bÉ‘Ël.ÊˆiË/, [bÃ¤Ël.ÊˆiË]	f.	bucket, container	objects	domestic items	fem Ä«-stem	à¤¬à¤¾à¤²à¤Ÿà¥€	à¤¬à¤¾à¤²à¤Ÿà¥€	à¤¬à¤¾à¤²à¤Ÿà¥€	à¤¬à¤¾à¤²à¤Ÿà¤¿à¤¯à¤¾à¤	à¤¬à¤¾à¤²à¤Ÿà¤¿à¤¯à¥‹à¤‚	à¤¬à¤¾à¤²à¤Ÿà¤¿à¤¯à¥‹	bafo
baptismo	1.37	1231		? baptismo	? baptismo (Source: Dalgado); English baptism (Source: Dalgado)	? baptismo (Source: Dalgado); English baptism (Source: Dalgado)	English baptism (Source: Dalgado)	à¤¬à¤¾à¤ªà¥à¤¤à¤¿à¤¸à¥à¤®à¤¾	bÄptismÄ	Ø¨Ù…Ø¨Û	noun	(Delhi Hindi) IPA(key): /bÉ‘Ëp.tÌªÉªs.mÉ‘Ë/, [bÃ¤Ëp.tÌªÉªs.mÃ¤Ë]	m. 	(Christianity) baptism	religion	practices, beliefs and rituals	masc Ä-stem	à¤¬à¤¾à¤ªà¥à¤¤à¤¿à¤¸à¥à¤®à¤¾	à¤¬à¤¾à¤ªà¥à¤¤à¤¿à¤¸à¥à¤®à¥‡	à¤¬à¤¾à¤ªà¥à¤¤à¤¿à¤¸à¥à¤®à¥‡	à¤¬à¤¾à¤ªà¥à¤¤à¤¿à¤¸à¥à¤®à¥‡	à¤¬à¤¾à¤ªà¥à¤¤à¤¿à¤¸à¥à¤®à¥‹à¤‚	à¤¬à¤¾à¤ªà¥à¤¤à¤¿à¤¸à¥à¤®à¥‹	baixel
basta				basta	basta (Source: Dalgado); Persian Ø¨Ø³ https://en.wiktionary.org/wiki/%D8%A8%D8%B3#Persian (Source: Dalgado; Wiktionary; McGregor)	basta (Source: Dalgado); Persian Ø¨Ø³  (Source: Dalgado; Wiktionary; McGregor)	Persian Ø¨Ø³ https://en.wiktionary.org/wiki/%D8%A8%D8%B3#Persian (Source: Dalgado; Wiktionary; McGregor)	à¤¬à¤¸	bas	Ø¨Ø³	adv.			merely, only										balde
beringela				beringela	beringela (Source: Dalgado); Prakrit ğ‘€¯ğ‘€¸ğ‘€‡ğ‘€ğ‘€•ğ‘€¡ https://en.wiktionary.org/wiki/%F0%91%80%AF%F0%91%80%B8%F0%91%80%87%F0%91%80%81%F0%91%80%95%F0%91%80%A1#Prakrit, from Sanskrit à¤µà¤™à¥à¤—à¤¨ https://en.wiktionary.org/wiki/%E0%A4%B5%E0%A4%99%E0%A5%8D%E0%A4%97%E0%A4%A8#Sanskrit (Source: Wiktionary);  Persian Ø¨Ø§Ø¯Ù†Ø¬Ø§Ù† https://en.wiktionary.org/wiki/%D8%A8%D8%A7%D8%AF%D9%86%D8%AC%D8%A7%D9%86#Persian (Source: Soares,  Wiktionary) 	beringela (Source: Dalgado); Prakrit ğ‘€¯ğ‘€¸ğ‘€‡ğ‘€ğ‘€•ğ‘€¡  from Sanskrit à¤µà¤™à¥à¤—à¤¨  (Source: Wiktionary);  Persian Ø¨Ø§Ø¯Ù†Ø¬Ø§Ù†  (Source: Soares,  Wiktionary) 	Prakrit ğ‘€¯ğ‘€¸ğ‘€‡ğ‘€ğ‘€•ğ‘€¡ https://en.wiktionary.org/wiki/%F0%91%80%AF%F0%91%80%B8%F0%91%80%87%F0%91%80%81%F0%91%80%95%F0%91%80%A1#Prakrit, from Sanskrit à¤µà¤™à¥à¤—à¤¨ https://en.wiktionary.org/wiki/%E0%A4%B5%E0%A4%99%E0%A5%8D%E0%A4%97%E0%A4%A8#Sanskrit (Source: Wiktionary);  Persian Ø¨Ø§Ø¯Ù†Ø¬Ø§Ù† https://en.wiktionary.org/wiki/%D8%A8%D8%A7%D8%AF%D9%86%D8%AC%D8%A7%D9%86#Persian (Source: Soares,  Wiktionary) 	à¤¬à¥ˆà¤‚à¤—à¤¨	baiá¹…gan	Ø¨ÛŒÙ†Ú¯Ù†	noun	(Delhi) IPA(key): /bÉ›ËÅ‹.É¡É™n/, [bÉ›ÌƒËÅ‹.É¡ÉÌƒn]	m.	eggplant, aubergine, brinjal										baptismo
biscoito				biscoito	biscoito (Source: Dalgado); English biscuit (Source: Wiktionary)	biscoito (Source: Dalgado); English biscuit (Source: Wiktionary)	English biscuit (Source: Wiktionary)	à¤¬à¤¿à¤¸à¥à¤•à¥à¤Ÿ	biskuá¹­	Ø¨Ø³Ú©Ù¹	noun	(Delhi) IPA(key): /bÉªs.kÊŠÊˆ/	m.	biscuit, cookie, cracker	culinary	food / baked goods								basta
bomba	0.17	154		bomba	bomba (Source: Dalgado)	bomba (Source: Dalgado)		à¤¬à¤‚à¤¬à¤¾	bambÄ	Ø¨Ù…Ø¨Û	noun	(Delhi) IPA(key): /bÉ™m.bÉ‘Ë/, [bÉÌƒm.bÃ¤Ë]	m.	pump; water pump & channel, narrow river, creek	military	weapons, explosives, devices								beringela
botÃ£o				botÃ£o	botÃ£o (Source: Dalgado); English button (Source: Dasa)	botÃ£o (Source: Dalgado); English button (Source: Dasa)	English button (Source: Dasa)	à¤¬à¤Ÿà¤¨	baá¹­an	Ø¨Ù¹Ù†	noun		m.	button (fastener) &  button (presser)										biscoito
botelha	24.63	22,198		? botelha	? botelha (Source: Dalgado); English bottle (Source: Dalgado)	? botelha (Source: Dalgado); English bottle (Source: Dalgado)	English bottle (Source: Dalgado)	à¤¬à¥‹à¤¤à¤²	bÅtal	Ø¨ÙˆØªÙÙ„	noun	IPA(key): [Ëˆbo(Ë)tÌªÉ™lÌª]	f.	bottle	objects	drinkware	fem cons-stem	à¤¬à¥‹à¤¤à¤²	à¤¬à¥‹à¤¤à¤²	à¤¬à¥‹à¤¤à¤²	à¤¬à¥‹à¤¤à¤²à¥‡à¤‚	à¤¬à¥‹à¤¤à¤²à¥‹à¤‚	à¤¬à¥‹à¤¤à¤²à¥‹	bomba
caju	7.87	7090		NA				à¤•à¤¾à¤œà¥‚	kÄjÅ«	Ú©Ø§Ø¬Ùˆâ©	noun	(Delhi Hindi) IPA(key): /kÉ‘Ë.dÍ¡Ê’uË/, [kÃ¤Ë.dÍ¡Ê’uË]	m.	cashew nut	botany	fruits	masc Å«-stem	à¤•à¤¾à¤œà¥‚	à¤•à¤¾à¤œà¥‚	à¤•à¤¾à¤œà¥‚	à¤•à¤¾à¤œà¥‚	à¤•à¤¾à¤œà¥à¤“à¤‚	à¤•à¤¾à¤œà¥à¤“	botÃ£o
calafate				calafate	calafate (Source: Dalgado); Arabic (Source: Dalgado)	calafate (Source: Dalgado); Arabic (Source: Dalgado)	Arabic (Source: Dalgado)	à¤•à¤²à¤¾à¤ªà¤Ÿà¥à¤Ÿà¥€	kalÄpaá¹­á¹­Ä		noun		m.	caulker	nautics	nautical tools, components and materials								botelha
cÃ¢mara	95.94	86,477		cÃ¢mara	cÃ¢mara (Source: Dalgado)	cÃ¢mara (Source: Dalgado)		à¤•à¤®à¤°à¤¾	kamarÄ	Ú©ÙØ±Ø§Ù†Ù˜Ú†ÛŒ	noun	(Delhi Hindi) IPA(key): /kÉ™m.É¾É‘Ë/, [kÉÌƒm.É¾Ã¤Ë]	m.	room	architecture	buildings	masc Ä-stem	à¤•à¤®à¤°à¤¾	à¤•à¤®à¤°à¥‡	à¤•à¤®à¤°à¥‡	à¤•à¤®à¤°à¥‡	à¤•à¤®à¤°à¥‹à¤‚	à¤•à¤®à¤°à¥‹	caju
camisa				camisa	camisa (Source: Dalgado); Persian Ù‚Ù…ÛŒØµ https://en.wiktionary.org/wiki/%D9%82%D9%85%DB%8C%D8%B5#Persian (Source: Wiktionary); Arabic (Source: Dalgado)	camisa (Source: Dalgado); Persian Ù‚Ù…ÛŒØµ  (Source: Wiktionary); Arabic (Source: Dalgado)	Persian Ù‚Ù…ÛŒØµ https://en.wiktionary.org/wiki/%D9%82%D9%85%DB%8C%D8%B5#Persian (Source: Wiktionary); Arabic (Source: Dalgado)	à¤•à¤¼à¤®à¥€à¤œà¤¼	qamÄ«z	Ù‚Ù…ÛŒØ¶	noun	(Delhi) IPA(key): /qÉ™.miËz/, [qÉ.miËz], /kÉ™.miËdÍ¡Ê’/, [kÉ.miËdÍ¡Ê’]	f.	shirt	clothing	clothing items								calafate
campo				campo	campo (Source: Dalgado); English camp (Source: McGregor)	campo (Source: Dalgado); English camp (Source: McGregor)	English camp (Source: McGregor)	à¤•à¤‚à¤ªà¥‚	kampÅ«		noun	(Delhi) IPA(key): /kÉ™m.puË/, [kÉÌƒm.puË]	m.	encampment & tent & cantonment & camp 										cÃ¢mara
candil				? candil	? candil (Source: Dalgado); Arabic Ù‚Ù†Ø¯ÙŠÙ„ https://en.wiktionary.org/wiki/%D9%82%D9%86%D8%AF%D9%8A%D9%84#Arabic (Source: Dalgado)	? candil (Source: Dalgado); Arabic Ù‚Ù†Ø¯ÙŠÙ„  (Source: Dalgado)	Arabic Ù‚Ù†Ø¯ÙŠÙ„ https://en.wiktionary.org/wiki/%D9%82%D9%86%D8%AF%D9%8A%D9%84#Arabic (Source: Dalgado)	à¤•à¤‚à¤¦à¥€à¤²	kandÄ«l	Ù‚Ù†Ø¯ÛŒÙ„	noun		f.	a lantern	objects	domestic items / lighting								camisa
capitÃ£o				capitÃ£o	capitÃ£o (Source: Dalgado); English Captain (Source: Wiktionary)	capitÃ£o (Source: Dalgado); English Captain (Source: Wiktionary)	English Captain (Source: Wiktionary)	à¤•à¤ªà¥à¤¤à¤¾à¤¨	kaptÄn	Ú©Ù¾ØªØ§Ù†	noun	(Delhi) IPA(key): /kÉ™p.tÌªÉ‘Ën/, [kÉp.tÌªÃ¤ÌƒËn]	m.	captain (of a ship)	nautics	military ranks and titles								campo
carabina				? carabina	? carabina (Source: Dalgado); French carabine (Source: Dalgado); Persian qarÄbÄ«n (Source: McGregor)	? carabina (Source: Dalgado); French carabine (Source: Dalgado); Persian qarÄbÄ«n (Source: McGregor)	French carabine (Source: Dalgado); Persian qarÄbÄ«n (Source: McGregor)	à¤•à¤¾à¤°à¤¬à¤¾à¤‡à¤¨	kaá¹›ÄbÄ«n	Ú©Ø§Ø±Ø¨Ø§Ø¦Ù†	noun		f.	a carbine										candil
carraguem	<0.01	2		NA	NA (Source: Dalgado); 			à¤•à¤¿à¤°à¤¾à¤à¤šà¥€	kirÄmÌcÄ«	Ú©ÙØ±Ø§Ù†Ù˜Ú†ÛŒ	noun	(Delhi Hindi) IPA(key): /kÉª.É¾É‘ÌƒË.tÍ¡ÊƒiË/, [kÉª.É¾Ã¤ÌƒË.tÍ¡ÊƒiË]	f.	a cart used to carry loads, carriage of goods train & bullock cart			fem Ä«-stem	à¤•à¤¿à¤°à¤¾à¤à¤šà¥€	à¤•à¤¿à¤°à¤¾à¤à¤šà¥€	à¤•à¤¿à¤°à¤¾à¤à¤šà¥€	à¤•à¤¿à¤°à¤¾à¤à¤šà¤¿à¤¯à¤¾à¤	à¤•à¤¿à¤°à¤¾à¤à¤šà¤¿à¤¯à¥‹à¤‚	à¤•à¤¿à¤°à¤¾à¤à¤šà¤¿à¤¯à¥‹	capitÃ£o
cartucho				? cartucho	? cartucho (Source: Dalgado); French cartouche (Source: McGregor)	? cartucho (Source: Dalgado); French cartouche (Source: McGregor)	French cartouche (Source: McGregor)	à¤•à¤¾à¤°à¤¤à¥‚à¤¸	kÄrtÅ«s	Ú©Ø§Ø±ØªÙˆØ³	noun	(Delhi) IPA(key): /kÉ‘ËÉ¾.tÌªuËs/, [kÃ¤ËÉ¾.tÌªuËs]	m.	(firearms) cartridge										carabina
casa				casa	casa (Source: Dalgado); Sanskrit à¤•à¤¾à¤šà¤ƒ 'a loop' (Source: Platts)	casa (Source: Dalgado); Sanskrit à¤•à¤¾à¤šà¤ƒ 'a loop' (Source: Platts)	Sanskrit à¤•à¤¾à¤šà¤ƒ 'a loop' (Source: Platts)	à¤•à¤¾à¤œ	kÄj	Ú©Ø§Ø¬	noun	(Delhi) IPA(key): /kÉ‘ËdÍ¡Ê’/, [kÃ¤ËdÍ¡Ê’]	m.	a buttonhole										carraguem
catÃ³lico				catÃ³lico	catÃ³lico (Source: Dalgado); English Catholic (Source: Dalgado, Wiktionary)	catÃ³lico (Source: Dalgado); English Catholic (Source: Dalgado, Wiktionary)	English Catholic (Source: Dalgado, Wiktionary)	à¤•à¥ˆà¤¥à¥‹à¤²à¤¿à¤•	kaitholik	Ú©ÛŒØªÚ¾ÙˆÙ„Ú©	noun	(Delhi) IPA(key): /kÉ›Ë.tÌªÊ°oË.lÉªk/	m. or f.	Catholic, Roman Catholic	religion	practices, beliefs and rituals								cartucho
chÃ¡				chÃ¡	chÃ¡ (Source: Dalgado); Persian [P. cÄÊ¾e] (Source: McGregor)	chÃ¡ (Source: Dalgado); Persian [P. cÄÊ¾e] (Source: McGregor)	Persian [P. cÄÊ¾e] (Source: McGregor)	à¤šà¤¾à¤¯	cÄy	Ú†Ø§Ø¦Û’	noun	(Delhi) IPA(key): /tÍ¡ÊƒÉ‘Ëj/, [tÍ¡ÊƒÃ¤Ëj], /tÍ¡ÊƒÉ‘Ë.eË/, [tÍ¡ÊƒÃ¤Ë.eË]	f.	tea (plant, beverage) & cup of tea	culinary	drinks								casa
chapa				? chapa	? chapa (Source: Dalgado)	? chapa (Source: Dalgado)		à¤›à¤¾à¤ªà¤¾		Ú†Ú¾Ø§Ù¾Û	noun			a seal, impression, stamp, or brand	materials	construction								catÃ³lico
chave	7.86	7,089		chave	chave (Source: Dalgado)	chave (Source: Dalgado)		à¤šà¤¾à¤¬à¥€	cÄbÄ«	Ú†Ø§Ø¨ÛŒ	noun	(Delhi Hindi) IPA(key): /tÍ¡ÊƒÉ‘Ë.biË/, [tÍ¡ÊƒÃ¤Ë.biË]	f.	key 	objects	artifact	fem Ä«-stem	à¤šà¤¾à¤¬à¥€	à¤šà¤¾à¤¬à¥€	à¤šà¤¾à¤¬à¥€	à¤šà¤¾à¤¬à¤¿à¤¯à¤¾à¤	à¤šà¤¾à¤¬à¤¿à¤¯à¥‹à¤‚	à¤šà¤¾à¤¬à¤¿à¤¯à¥‹	chÃ¡
cocheiro				cocheiro	cocheiro (Source: Dalgado); English coachman (Source: Dalgado)	cocheiro (Source: Dalgado); English coachman (Source: Dalgado)	English coachman (Source: Dalgado)	à¤•à¥‹à¤šà¤µà¤¾à¤¨	kochvÄn	Ú©ÙˆÚ†Ø¨Ø§Ù†	noun		m.	a coachman										cifra
coronel				coronel	coronel (Source: Dalgado); English colonel (Source: D, Wiktionary)	coronel (Source: Dalgado); English colonel (Source: D, Wiktionary)	English colonel (Source: D, Wiktionary)	à¤•à¤°à¥à¤¨à¤²	karnal	Ú©Ø±Ù†Ù„	noun		m.	colonel	military	military ranks and titles								coche
couve	7.8	6,775		couve	couve (Source: Dalgado); Sanksrit à¤—à¥‹à¤œà¥€à¤¹à¥à¤µà¤¿à¤•à¤¾ (Source: Wiktionary)	couve (Source: Dalgado); Sanksrit à¤—à¥‹à¤œà¥€à¤¹à¥à¤µà¤¿à¤•à¤¾ (Source: Wiktionary)	Sanksrit à¤—à¥‹à¤œà¥€à¤¹à¥à¤µà¤¿à¤•à¤¾ (Source: Wiktionary)	à¤—à¥‹à¤­à¥€	gobhÄ«	Ú¯ÙˆØ¨Ú¾ÛŒ	noun	(Delhi Hindi) IPA(key): /É¡oË.bÊ±iË/	f.	cabbage & cauliflower	food	food / vegetables	fem Ä«-stem	à¤—à¥‹à¤­à¥€	à¤—à¥‹à¤­à¥€	à¤—à¥‹à¤­à¥€	à¤—à¥‹à¤­à¤¿à¤¯à¤¾à¤	à¤—à¥‹à¤­à¤¿à¤¯à¥‹à¤‚	à¤—à¥‹à¤­à¤¿à¤¯à¥‹	cocheiro
cristaÌƒo	0.06	54		NA	NA (Source: Dalgado); 			à¤•à¥à¤°à¤¿à¤¸à¥à¤¤à¤¾à¤¨	kristÄna	Ú©ÙØ±Ø³Ù¹Ø§Ù†	noun	(Delhi Hindi) IPA(key): /kÉ¾Éªs.tÌªÉ‘Ën/, [kÉ¾Éªs.tÌªÃ¤ÌƒËn]	m. or f.	christian	religion	practices, beliefs and rituals								coronel
cruz	0.82	735		cruz	cruz (Source: Dalgado)	cruz (Source: Dalgado)		à¤•à¥à¤°à¥‚à¤¸	krÅ«sa	â§Ú©Ù’Ø±ÙÙˆØ³â©	noun	(Delhi Hindi) IPA(key): /kÉ¾uËs/	m.	the cross on which Jesus Christ was crucified & crucifix, cross	religion	practices, beliefs and rituals	masc cons-stem	à¤•à¥à¤°à¥‚à¤¸	à¤•à¥à¤°à¥‚à¤¸	à¤•à¥à¤°à¥‚à¤¸	à¤•à¥à¤°à¥‚à¤¸	à¤•à¥à¤°à¥‚à¤¸à¥‹à¤‚	à¤•à¥à¤°à¥‚à¤¸à¥‹	couve
cunha				cunha	cunha (Source: Dalgado)	cunha (Source: Dalgado)		à¤•à¥à¤¨à¤¿à¤¯à¤¾			noun			wedge										cristaÌƒo
da Silva	0.06	54			 (Source: Dalgado); 			à¤¡à¥€à¤¸à¤¿à¤²à¥à¤µà¤¾	á¸Ä«silvÄ	â§ÚˆÛŒ Ø³Ù„ÙˆØ§â©	proper noun	(Delhi Hindi) IPA(key): /É–iË.sÉªl.Ê‹É‘Ë/, [É–iË.sÉªl.Ê‹Ã¤Ë]		a surname from Portuguese, equivalent to English D'Silva or Desilva										cruz
dezembro	172.66	155,631		NA	English December (Source: McGregor)	English December (Source: McGregor)	English December (Source: McGregor)	à¤¦à¤¿à¤¸à¤‚à¤¬à¤°	disambara	Ø¯Ø³Ù…Ø¨Ø±â© 	noun	(Delhi Hindi) IPA(key): /dÌªÉª.sÉ™m.bÉ™É¾/, [dÌªÉª.sÉÌƒm.bÉÉ¾]	m.	December	calendar	month	masc cons-stem	à¤¦à¤¿à¤¸à¤‚à¤¬à¤°	à¤¦à¤¿à¤¸à¤‚à¤¬à¤°	à¤¦à¤¿à¤¸à¤‚à¤¬à¤°	à¤¦à¤¿à¤¸à¤‚à¤¬à¤°	à¤¦à¤¿à¤¸à¤‚à¤¬à¤°à¥‹à¤‚	à¤¦à¤¿à¤¸à¤‚à¤¬à¤°à¥‹	cunha
espada	12.07	10,882		espada	espada (Source: Dalgado)	espada (Source: Dalgado)		à¤‡à¤¸à¥à¤ªà¤¾à¤¤	ispÄta	Ø§Ø³Ù¾Ø§Øª	noun	(Delhi Hindi) IPA(key): /Éªs.pÉ‘ËtÌª/, [Éªs.pÃ¤ËtÌª]	m.	steel		weapons, explosives, devices								da Silva
espital	279.86	252,251		NA	espital (Source: Wiktionary); English hospital (Source: McGregor)	espital (Source: Wiktionary); English hospital (Source: McGregor)	English hospital (Source: McGregor)	à¤…à¤¸à¥à¤ªà¤¤à¤¾à¤²	aspatÄla	Ø§ÙØ³Ù’Ù¾ÙØªØ§Ù„â©	noun	(Delhi Hindi) IPA(key): /É™s.pÉ™.tÌªÉ‘Ël/, [És.pÉ.tÌªÃ¤Ël]	m.	hospital	healthcare	medical institutions	masc cons-stem	à¤…à¤¸à¥à¤ªà¤¤à¤¾à¤²	à¤…à¤¸à¥à¤ªà¤¤à¤¾à¤²	à¤…à¤¸à¥à¤ªà¤¤à¤¾à¤²	à¤…à¤¸à¥à¤ªà¤¤à¤¾à¤²	à¤…à¤¸à¥à¤ªà¤¤à¤¾à¤²à¥‹à¤‚	à¤…à¤¸à¥à¤ªà¤¤à¤¾à¤²à¥‹	gudÃ£o
estÃ¡bulo	0.62	556		NA	estÃ¡bulo  (Source: McGregor); Arabic istÌ¤abal (Source: McGregor)	estÃ¡bulo  (Source: McGregor); Arabic istÌ¤abal (Source: McGregor)	Arabic istÌ¤abal (Source: McGregor)	à¤…à¤¸à¥à¤¤à¤¬à¤²	astabala	Ø§ÙØµÙ’Ø·ÙØ¨ÙÙ„	noun	(Delhi Hindi) IPA(key): /É™s.tÌªÉ™.bÉ™l/, [És.tÌªÉ.bÉl]	m.	stable (for a horse)	animal husbandry	animal housing	masc cons-stem	à¤…à¤¸à¥à¤¤à¤¬à¤²	à¤…à¤¸à¥à¤¤à¤¬à¤²	à¤…à¤¸à¥à¤¤à¤¬à¤²	à¤…à¤¸à¥à¤¤à¤¬à¤²	à¤…à¤¸à¥à¤¤à¤¬à¤²à¥‹à¤‚	à¤…à¤¸à¥à¤¤à¤¬à¤²à¥‹	dezembro
estirar	0.17	155		estirar	estirar (Source: Dalgado)	estirar (Source: Dalgado)		à¤‡à¤¸à¥à¤¤à¤°à¥€	istarÄ«	Ø§Ø³ØªØ±ÛŒ	noun	(Delhi Hindi) IPA(key): /Éªs.tÌªÉ¾iË/	f.	iron, press			fem Ä«-stem	à¤‡à¤¸à¥à¤¤à¥à¤°à¥€	à¤‡à¤¸à¥à¤¤à¥à¤°à¥€	à¤‡à¤¸à¥à¤¤à¥à¤°à¥€	à¤‡à¤¸à¥à¤¤à¥à¤°à¤¿à¤¯à¤¾à¤	à¤‡à¤¸à¥à¤¤à¥à¤°à¤¿à¤¯à¥‹à¤‚	à¤‡à¤¸à¥à¤¤à¥à¤°à¤¿à¤¯à¥‹	espada
falto				falto	falto (Source: Dalgado)	falto (Source: Dalgado)		à¤«à¤¼à¤¾à¤²à¤¤à¥‚	fÄltÅ«	ÙØ§Ù„ØªÙˆ	adj.	(Delhi) IPA(key): /fÉ‘Ël.tÌªuË/, [fÃ¤Ël.tÌªuË], /pÊ°É‘Ël.tÌªuË/, [pÊ°Ã¤Ël.tÌªuË]		unnecessary, pointless & bad; not nice; of poor quality & useless, irrelevant, good-for-nothing (used for someone)										estÃ¡bulo
fita		0		fita	fita (Source: Dalgado)	fita (Source: Dalgado)		à¥à¥€à¤¤à¤¾	fÄ«tÄ	 â§ÙÛŒØªÛâ©	noun	(Delhi Hindi) IPA(key): /fiË.tÌªÉ‘Ë/, [fiË.tÌªÃ¤Ë], /pÊ°iË.tÌªÉ‘Ë/, [pÊ°iË.tÌªÃ¤Ë]	m.	lace; shoelace & tape; tape measure & ribbon			masc Ä-stem	à¤«à¤¼à¥€à¤¤à¤¾	à¤«à¤¼à¥€à¤¤à¥‡	à¤«à¤¼à¥€à¤¤à¥‡	à¤«à¤¼à¥€à¤¤à¥‡	à¤«à¤¼à¥€à¤¤à¥‹à¤‚	à¤«à¤¼à¥€à¤¤à¥‹	estirar
forma				forma	forma (Source: Dalgado)	forma (Source: Dalgado)		à¤«à¤¼à¤°à¥à¤®à¤¾	formÄ		noun			in the sense of â€˜mould, appearanceâ€™										falto
gentio	<0.01	2		NA				à¤œà¥‡à¤‚à¤Ÿà¥‚	jáº½á¹­Å«	â§Ø¬ÛŒÙ†Ù¹Ùˆâ©	noun	(Delhi Hindi) IPA(key): /dÍ¡Ê’áº½Ë.ÊˆuË/	m.	Gentoo	religion	practices, beliefs and rituals	masc Å«-stem	à¤œà¥‡à¤‚à¤Ÿà¥‚	à¤œà¥‡à¤‚à¤Ÿà¥‚	à¤œà¥‡à¤‚à¤Ÿà¥‚	à¤œà¥‡à¤‚à¤Ÿà¥‚	à¤œà¥‡à¤‚à¤Ÿà¥à¤“à¤‚	à¤œà¥‡à¤‚à¤Ÿà¥à¤“	fita
gudÃ£o				gudÃ£o	gudÃ£o (Source: Dalgado); Bengali gudÄm https://en.wiktionary.org/wiki/%E0%A6%97%E0%A7%81%E0%A6%A6%E0%A6%BE%E0%A6%AE#Bengali (Source: Wiktionary, McGregor)	gudÃ£o (Source: Dalgado); Bengali gudÄm  (Source: Wiktionary, McGregor)	Bengali gudÄm https://en.wiktionary.org/wiki/%E0%A6%97%E0%A7%81%E0%A6%A6%E0%A6%BE%E0%A6%AE#Bengali (Source: Wiktionary, McGregor)	à¤—à¥‹à¤¦à¤¾à¤®	godÄm	Ú¯ÙˆØ¯Ø§Ù…	noun		m.	storage, godown										forma
holandÃªs	<0.01	1						à¤“à¤²à¤‚à¤¦à¥‡à¤œà¤¼	olandez	ÙˆÙ„Ù†Ø¯ÛŒØ²	noun	(Delhi Hindi) IPA(key): /oË.lÉ™n.dÌªeËz/, [oË.lÉÌƒnÌª.dÌªeËz], /oË.lÉ™n.dÌªeËdÍ¡Ê’/, [oË.lÉÌƒnÌª.dÌªeËdÍ¡Ê’]	m. or f.	(dated) Dutchman; citizen of Holland 	geography	nationalities and ethnic groups								gentio
igreja	0.68	609		igreja	igreja (Source: Dalgado)	igreja (Source: Dalgado)		à¤—à¤¿à¤°à¤œà¤¾	girajÄ	â§Ú¯ÙØ±Ù’Ø¬Ø§â©	noun	(Delhi Hindi) IPA(key): /É¡ÉªÉ¾.dÍ¡Ê’É‘Ë/, [É¡ÉªÉ¾.dÍ¡Ê’Ã¤Ë]	m.	church & chapel	religion	religious buildings	masc Ä-stem	à¤—à¤¿à¤°à¤œà¤¾	à¤—à¤¿à¤°à¤œà¥‡	à¤—à¤¿à¤°à¤œà¥‡	à¤—à¤¿à¤°à¤œà¥‡	à¤—à¤¿à¤°à¤œà¥‹à¤‚	à¤—à¤¿à¤°à¤œà¥‹	holandÃªs
inglÃªs	2.58	2,327		inglÃªs	inglÃªs (Source: Dalgado)	inglÃªs (Source: Dalgado)		à¤…à¤à¤—à¥à¤°à¥‡à¥›	amÌgrÄ“z	Ø§Ù†Ú¯Ø±ÛŒØ²	noun	(Delhi Hindi) IPA(key): /É™Å‹.É¡É¾eËz/, [ÉÌƒÅ‹.É¡É¾eËz], /É™Å‹.É¡É¾eËdÍ¡Ê’/, [ÉÌƒÅ‹.É¡É¾eËdÍ¡Ê’]	m. or f.	English person (Englishman or Englishwoman)	geography	nationalities and ethnic groups								hospital
inglÃªs				inglÃªs	inglÃªs (Source: Dalgado)	inglÃªs (Source: Dalgado)		à¤…à¤‚à¤—à¥à¤°à¥‡à¤œà¤¼	aá¹…grez	Ø§Ù†Ú¯Ø±ÛŒØ²	noun	(Delhi Hindi) IPA(key): /É™Å‹.É¡É¾eËz/, [ÉÌƒÅ‹.É¡É¾eËz], /É™Å‹.É¡É¾eËdÍ¡Ê’/, [ÉÌƒÅ‹.É¡É¾eËdÍ¡Ê’]	m. or f.	English person (Englishman or Englishwoman)	geography	nationalities and ethnic groups								igreja
janela				janela	janela (Source: Dalgado)	janela (Source: Dalgado)		à¤œà¤‚à¤—à¤²à¤¾	jaá¹…glÄ	Ø¬ÙÙ†Ù˜Ú¯Ù’Ù„Ø§â©	noun	(Delhi Hindi) IPA(key): /dÍ¡Ê’É™Å‹.É¡lÉ‘Ë/, [dÍ¡Ê’ÉÌƒÅ‹.É¡lÃ¤Ë]	m.	fencing, railing & grille-fitted window	architecture and building	medical institutions	masc Ä-stem	à¤œà¤‚à¤—à¤²à¤¾	à¤œà¤‚à¤—à¤²à¥‡	à¤œà¤‚à¤—à¤²à¥‡	à¤œà¤‚à¤—à¤²à¥‡	à¤œà¤‚à¤—à¤²à¥‹à¤‚	à¤œà¤‚à¤—à¤²à¥‹	inglÃªs
jogar				jogar	jogar (Source: Dalgado);  Sanskrit à¤¦à¥à¤¯à¥‚à¤¤ https://en.wiktionary.org/wiki/%E0%A4%A6%E0%A5%8D%E0%A4%AF%E0%A5%82%E0%A4%A4#Sanskrit (Source: Wiktionary)	jogar (Source: Dalgado);  Sanskrit à¤¦à¥à¤¯à¥‚à¤¤  (Source: Wiktionary)	 Sanskrit à¤¦à¥à¤¯à¥‚à¤¤ https://en.wiktionary.org/wiki/%E0%A4%A6%E0%A5%8D%E0%A4%AF%E0%A5%82%E0%A4%A4#Sanskrit (Source: Wiktionary)	à¤œà¥à¤†	juÄ	Ø¬ÙˆØ§	noun	(Delhi) IPA(key): /dÍ¡Ê’ÊŠ.É‘Ë/, [dÍ¡Ê’ÊŠ.Ã¤Ë]	m.	gambling	architecture	building components								jalapa
jogar				jogar	jogar (Source: Dalgado);  Sanskrit à¤¦à¥à¤¯à¥‚à¤¤ https://en.wiktionary.org/wiki/%E0%A4%A6%E0%A5%8D%E0%A4%AF%E0%A5%82%E0%A4%A4#Sanskrit (Source: Wiktionary)	jogar (Source: Dalgado);  Sanskrit à¤¦à¥à¤¯à¥‚à¤¤  (Source: Wiktionary)	 Sanskrit à¤¦à¥à¤¯à¥‚à¤¤ https://en.wiktionary.org/wiki/%E0%A4%A6%E0%A5%8D%E0%A4%AF%E0%A5%82%E0%A4%A4#Sanskrit (Source: Wiktionary)	à¤œà¥à¤†à¤°à¥€	juÄrÄ«	Ø¬ÙˆØ§Ø±ÛŒ	noun	(Delhi) IPA(key): /dÍ¡Ê’ÊŠ.É‘Ë.É¾iË/, [dÍ¡Ê’ÊŠ.Ã¤Ë.É¾iË]	m.	gambler	architecture	building components								janela
lampada				lampada	lampada (Source: Dalgado); English lamp (Source: Dalgado)	lampada (Source: Dalgado); English lamp (Source: Dalgado)	English lamp (Source: Dalgado)	à¤²à¥ˆà¤‚à¤ª	laimp	Ù„ÛŒÙ…Ù¾	noun		m.	lamp										jogar
leilaÌƒo	3.34	3,011		leilaÌƒo	leilaÌƒo (Source: Dalgado)	leilaÌƒo (Source: Dalgado)		à¤¨à¥€à¤²à¤¾à¤®	nÄ«lÄm	 â§Ù†ÛŒÙ„Ø§Ù…â©	noun	(Delhi Hindi) IPA(key): /niË.lÉ‘Ëm/, [niË.lÃ¤ÌƒËm]	m 	auction (a public event where goods are sold through bidding)	commerce and business	financial transactions	masc cons-stem	à¤¨à¥€à¤²à¤¾à¤®	à¤¨à¥€à¤²à¤¾à¤®	à¤¨à¥€à¤²à¤¾à¤®	à¤¨à¥€à¤²à¤¾à¤®	à¤¨à¥€à¤²à¤¾à¤®à¥‹à¤‚	à¤¨à¥€à¤²à¤¾à¤®à¥‹	jogar
linguiÃ§a				linguiÃ§a	linguiÃ§a (Source: Dalgado); Sanskrit à¤²à¤¿à¤™à¥à¤—+à¤‰à¤šà¥à¤šà¤¯à¤ƒ (Source: Platts)	linguiÃ§a (Source: Dalgado); Sanskrit à¤²à¤¿à¤™à¥à¤—+à¤‰à¤šà¥à¤šà¤¯à¤ƒ (Source: Platts)	Sanskrit à¤²à¤¿à¤™à¥à¤—+à¤‰à¤šà¥à¤šà¤¯à¤ƒ (Source: Platts)	à¤²à¤‚à¤—à¥‚à¤šà¤¾	languchÄ		noun		m.	a sausage										lampada
mÃ¡rmore				mÃ¡rmore	mÃ¡rmore (Source: Dalgado); Persian Ù…Ø±Ù…Ø± https://en.wiktionary.org/wiki/%D9%85%D8%B1%D9%85%D8%B1#Persian (Source: Wiktionary, McGregor)	mÃ¡rmore (Source: Dalgado); Persian Ù…Ø±Ù…Ø±  (Source: Wiktionary, McGregor)	Persian Ù…Ø±Ù…Ø± https://en.wiktionary.org/wiki/%D9%85%D8%B1%D9%85%D8%B1#Persian (Source: Wiktionary, McGregor)	à¤®à¤°à¤®à¤°	marmar	Ù…Ø±Ù…Ø±	noun	(Delhi) IPA(key): /mÉ™É¾.mÉ™É¾/, [mÉÉ¾.mÉÉ¾]	m.	marble	materials	stone types								leilaÌƒo
martelo	<0.01	2		martelo	martelo (Source: Dalgado)	martelo (Source: Dalgado)		à¤®à¤¾à¤°à¤¤à¥Œà¤²	mÄrataula	Ù…Ø§Ø±ØªÙˆÙ„	noun	(Delhi Hindi) IPA(key): /mÉ‘ËÉ¾.tÌªÉ”Ël/, [mÃ¤ËÉ¾.tÌªÉ”Ël]		a heavy hammer, hammer 	objects	tools	masc cons-stem	à¤®à¤¾à¤°à¤¤à¥Œà¤²	à¤®à¤¾à¤°à¤¤à¥Œà¤²	à¤®à¤¾à¤°à¤¤à¥Œà¤²	à¤®à¤¾à¤°à¤¤à¥Œà¤²	à¤®à¤¾à¤°à¤¤à¥Œà¤²à¥‹à¤‚	à¤®à¤¾à¤°à¤¤à¥Œà¤²à¥‹	linguiÃ§a
mastro	0.24	219		mastro	mastro (Source: Dalgado)	mastro (Source: Dalgado)		à¤®à¤¸à¥à¤¤à¥‚à¤²	mastÅ«la	Ù…Ø³ØªÙˆÙ„	noun	(Delhi) IPA(key): /mÉ™s.tÌªuËl/, [mÉs.tÌªuËl]	m.	mast	nautics	nautical tools, components and materials								mÃ¡rmore
mÃªs				mÃªs	mÃªs (Source: Dalgado)	mÃªs (Source: Dalgado)		à¤®à¤¾à¤¸-à¤•à¤¬à¤¾à¤°	mÄs-kabÄr	Ù…Ø§Ø³ Ú©ÙØ¨Ø§Ø±	noun		m.	last day of a month, monthly statement										martelo
mesa				mesa	mesa (Source: Dalgado); Persian Ù…ÛŒØ² https://en.wiktionary.org/wiki/%D9%85%DB%8C%D8%B2#Persian (Source: Wiktionary, McGregor)	mesa (Source: Dalgado); Persian Ù…ÛŒØ²  (Source: Wiktionary, McGregor)	Persian Ù…ÛŒØ² https://en.wiktionary.org/wiki/%D9%85%DB%8C%D8%B2#Persian (Source: Wiktionary, McGregor)	à¤®à¥‡à¤œà¤¼	mez	Ù…ÛŒØ²	noun	(Delhi) IPA(key): /meËz/, /meËdÍ¡Ê’/	f.	table	furniture	pieces of furniture								mastro
mestiÃ§o				mestiÃ§o	mestiÃ§o (Source: Dalgado)	mestiÃ§o (Source: Dalgado)		à¤®à¤¸à¥à¤¤à¥€à¤¸à¤¾	mastÄ«sÄ	Ù…ÙØ³ØªÙÛŒØ³Ø§	noun		m. or f.	half-caste										mÃªs
mestre				mestre	mestre (Source: Dalgado)	mestre (Source: Dalgado)		à¤®à¤¿à¤¸à¥à¤¤à¤°à¥€	mistarÄ«	Ù…Ø³ØªØ±ÛŒ	noun			skilled tradesman	education	leadership and authority								mesa
mestre				mestre	mestre (Source: Dalgado)	mestre (Source: Dalgado)		à¤®à¤¿à¤¸à¥à¤¤à¥à¤°à¥€	mistarÄ«	Ù…Ø³ØªØ±ÛŒ	noun	(Delhi) IPA(key): /mÉªs.tÌªÉ¾iË/	m.	skilled tradesman	education	leadership and authority								mestiÃ§o
mestre				mestre	mestre (Source: Dalgado)	mestre (Source: Dalgado)		à¤®à¤¿à¤¸à¥à¤¤à¥à¤°à¥€	mistrÄ«	 â§Ù…ÙØ³Ù’ØªÙ’Ø±ÛŒâ©	noun	(Delhi Hindi) IPA(key): /mÉªs.tÌªÉ¾iË/	m.	mechanic & artisan, craftsman	education	leadership and authority	masc Ä«-stem	à¤®à¤¿à¤¸à¥à¤¤à¥à¤°à¥€	à¤®à¤¿à¤¸à¥à¤¤à¥à¤°à¥€	à¤®à¤¿à¤¸à¥à¤¤à¥à¤°à¥€	à¤®à¤¿à¤¸à¥à¤¤à¥à¤°à¥€	à¤®à¤¿à¤¸à¥à¤¤à¥à¤°à¤¿à¤¯à¥‹à¤‚	à¤®à¤¿à¤¸à¥à¤¤à¥à¤°à¤¿à¤¯à¥‹	mestre
outubro	20.58	18,552		NA	outubro (Source: Wiktionary);  English October (Source: McGregor)	outubro (Source: Wiktionary);  English October (Source: McGregor)	 English October (Source: McGregor)	à¤…à¤•à¥à¤¤à¥‚à¤¬à¤°	aktÅ«bara	Ø§ÙÚ©Ù’ØªÙÙˆØ¨ÙØ±â©	noun	(Delhi Hindi) IPA(key): /É™k.tÌªuË.bÉ™É¾/, [Ék.tÌªuË.bÉÉ¾]	m.	October	calendar	month								mestre
padre	5.53	4980		padre	padre (Source: Dalgado)	padre (Source: Dalgado)		à¤ªà¤¾à¤¦à¤°à¥€	pÄdarÄ«	Ù¾Ø§Ø¯Ù’Ø±ÛŒâ©	noun	(Delhi Hindi) IPA(key): /pÉ‘ËdÌª.É¾iË/, [pÃ¤ËdÌª.É¾iË]	m.	Christian priest or minister; chaplain.	religion	practices, beliefs and rituals	masc Ä«-stem	à¤ªà¤¾à¤¦à¤°à¥€	à¤ªà¤¾à¤¦à¤°à¥€	à¤ªà¤¾à¤¦à¤°à¥€	à¤ªà¤¾à¤¦à¤°à¥€	à¤ªà¤¾à¤¦à¤°à¤¿à¤¯à¥‹à¤‚	à¤ªà¤¾à¤¦à¤°à¤¿à¤¯à¥‹	mestre
pÃ£o				pÃ£o	pÃ£o (Source: Dalgado); Sanskrit à¤ªà¤¦à¥ https://en.wiktionary.org/wiki/%E0%A4%AA%E0%A4%A6%E0%A5%8D#Sanskrit (Source:McGregor)	pÃ£o (Source: Dalgado); Sanskrit à¤ªà¤¦à¥  (Source:McGregor)	Sanskrit à¤ªà¤¦à¥ https://en.wiktionary.org/wiki/%E0%A4%AA%E0%A4%A6%E0%A5%8D#Sanskrit (Source:McGregor)	à¤ªà¤¾à¤µ-à¤°à¥‹à¤Ÿà¥€	pÄv-rotÄ«		noun		f.	loaf of bread	culinary	food / baked goods								outubro
papaia				papaia	papaia (Source: Dalgado); 	papaia (Source: Dalgado); 		à¤ªà¤ªà¥€à¤¤à¤¾	papÄ«tÄ	Ù¾Ù¾ÛŒØªØ§	noun		m.	papaya	botany	fruits								padre
peru				peru	peru (Source: Dalgado); Persian  Ù¾ÙÛŒÙ„ Ù…ÙØ±Ù’Øº (Source:Dasa)	peru (Source: Dalgado); Persian  Ù¾ÙÛŒÙ„ Ù…ÙØ±Ù’Øº (Source:Dasa)	Persian  Ù¾ÙÛŒÙ„ Ù…ÙØ±Ù’Øº (Source:Dasa)	à¤ªà¥€à¤°à¥‚	pÄ«rÅ«	Ù¾ÛŒØ±Ùˆ	noun	(Delhi) IPA(key): /piË.É¾uË/	m.	turkey										pÃ£o
pipa	?0.93	?834		pipa	pipa (Source: Dalgado)	pipa (Source: Dalgado)		à¤ªà¥€à¤ªà¤¾	pÄ«pÄ	Ù¾ÛŒÙ¾Ø§	noun	(Delhi Hindi) IPA(key): /piË.pÉ‘Ë/, [piË.pÃ¤Ë]	m.	cylinder, barrel, cask		containers	masc Ä-stem	à¤ªà¥€à¤ªà¤¾	à¤ªà¥€à¤ªà¥‡	à¤ªà¥€à¤ªà¥‡	à¤ªà¥€à¤ªà¥‡	à¤ªà¥€à¤ªà¥‹à¤‚	à¤ªà¥€à¤ªà¥‹	papaia
pires				pires	pires (Source: Dalgado); English press (Source: Wiktionary, McGregor)	pires (Source: Dalgado); English press (Source: Wiktionary, McGregor)	English press (Source: Wiktionary, McGregor)	à¤ªà¤¿à¤°à¤¿à¤š	piric	Ù¾Ø±Ú†	noun	(Delhi) IPA(key): /pÉª.É¾ÉªtÍ¡Êƒ/	m.	saucer  & a flat surface (as used in pressing out indigo)	household	tableware								peru
pistola	6.07	5,470		pistola	pistola (Source: Dalgado); English pistol (Source: Dalgado)	pistola (Source: Dalgado); English pistol (Source: Dalgado)	English pistol (Source: Dalgado)	à¤ªà¤¿à¤¸à¥à¤¤à¥Œà¤²	pistaula	Ù¾Ø³Ø·ÙˆÙ„	noun	(Delhi Hindi) IPA(key): /pÉªs.tÌªÉ”Ël/	f.	pistol, gun	military	weapons, explosives, devices	fem cons-stem	à¤ªà¤¿à¤¸à¥à¤¤à¥Œà¤²	à¤ªà¤¿à¤¸à¥à¤¤à¥Œà¤²	à¤ªà¤¿à¤¸à¥à¤¤à¥Œà¤²	à¤ªà¤¿à¤¸à¥à¤¤à¥Œà¤²à¥‡à¤‚	à¤ªà¤¿à¤¸à¥à¤¤à¥Œà¤²à¥‹à¤‚	à¤ªà¤¿à¤¸à¥à¤¤à¥Œà¤²à¥‹	pipa
polÃ­cia				? polÃ­cia	? polÃ­cia (Source: Dalgado); English police (Source: D, McGregor)	? polÃ­cia (Source: Dalgado); English police (Source: D, McGregor)	English police (Source: D, McGregor)	à¤ªà¥à¤²à¤¿à¤¸	pulis	Ù¾ÙˆÙ„Ø³	noun	(Delhi) IPA(key): /pÊŠ.lÉªs/	f.	the police										pires
pompa	0.34	304						à¤¬à¤‚à¤¬à¤¾	bambÄ	Ø¨Ù…Ø¨Ûâ©	noun	(Delhi Hindi) IPA(key): /bÉ™m.bÉ‘Ë/, [bÉÌƒm.bÃ¤Ë]	m.	pump; water pump & channel, narrow river, creek			masc Ä-stem	à¤¬à¤‚à¤¬à¤¾	à¤¬à¤‚à¤¬à¥‡	à¤¬à¤‚à¤¬à¥‡	à¤¬à¤‚à¤¬à¥‡	à¤¬à¤‚à¤¬à¥‹à¤‚	à¤¬à¤‚à¤¬à¥‹	pistola
prato				prato	prato (Source: Dalgado); Sanskrit à¤ªà¤¾à¤¤à¥à¤° (Source: Dasa) https://dsal.uchicago.edu/cgi-bin/app/dasa-hindi_query.py?qs=%E0%A4%AA%E0%A4%B0%E0%A4%BE%E0%A4%A4&searchhws=yes&matchtype=exact)	prato (Source: Dalgado); Sanskrit à¤ªà¤¾à¤¤à¥à¤° (Source: Dasa) 	Sanskrit à¤ªà¤¾à¤¤à¥à¤° (Source: Dasa) https://dsal.uchicago.edu/cgi-bin/app/dasa-hindi_query.py?qs=%E0%A4%AA%E0%A4%B0%E0%A4%BE%E0%A4%A4&searchhws=yes&matchtype=exact)	à¤ªà¤°à¤¾à¤¤	parÄt	Ù¾Ø±Ø§Øª	noun	(Delhi) IPA(key): /pÉ™.É¾É‘ËtÌª/, [pÉ.É¾Ã¤ËtÌª]	f.	receipt	tableware									polÃ­cia
querubim				querubim	querubim (Source: Dalgado)	querubim (Source: Dalgado)		à¤•à¤°à¥‚à¤¬à¥€à¤®		Ú©ÙØ±ÙÙˆØ¨ÙÛŒÙ…	noun			cherubim										prato
recibo				recibo	recibo (Source: Dalgado); Persian Ø±Ø³ÛŒØ¯ (Source: McGregor)	recibo (Source: Dalgado); Persian Ø±Ø³ÛŒØ¯ (Source: McGregor)	Persian Ø±Ø³ÛŒØ¯ (Source: McGregor)	à¤°à¤¸à¥€à¤¦	rasÄ«d	Ø±Ø³ÛŒØ¯	noun	(Delhi) IPA(key): /É¾É™.siËdÌª/, [É¾É.siËdÌª]	f.	receipt	commerce and business	financial transactions								prego
sabÃ£o				sabÃ£o	sabÃ£o (Source: Dalgado); A. á¹£Äbun (Source: McGregor); Persian ØµØ§Ø¨ÙˆÙ† (Source: Wiktionary)	sabÃ£o (Source: Dalgado); A. á¹£Äbun (Source: McGregor); Persian ØµØ§Ø¨ÙˆÙ† (Source: Wiktionary)	A. á¹£Äbun (Source: McGregor); Persian ØµØ§Ø¨ÙˆÙ† (Source: Wiktionary)	à¤¸à¤¾à¤¬à¥à¤¨	sÄbun	ØµØ§Ø¨Ù†	noun	(Delhi) IPA(key): /sÉ‘Ë.bÊŠn/, [sÃ¤Ë.bÊŠÌƒn]	m.	soap	cleaning and hygiene									querubim
sagu				? sagu	? sagu (Source: Dalgado); Indonesian sagu (Source: McGregor)	? sagu (Source: Dalgado); Indonesian sagu (Source: McGregor)	Indonesian sagu (Source: McGregor)	à¤¸à¤¾à¤—à¥‚	sÄgÅ«	Ø³Ø§Ú¯Ùˆ	noun	(Delhi) IPA(key): /sÉ‘Ë.É¡uË/, [sÃ¤Ë.É¡uË]	m.	sago										recibo
saia				saia	saia (Source: Dalgado)	saia (Source: Dalgado)		à¤¸à¤¾à¤¯à¤¾	sÄyÄ	Ø³Ø§ÛŒÛâ©	noun	(Delhi Hindi) IPA(key): /sÉ‘Ë.jÉ‘Ë/, [sÃ¤Ë.jÃ¤Ë]	m.	petticoat	clothing	clothing items	masc Ä-stem	à¤¸à¤¾à¤¯à¤¾	à¤¸à¤¾à¤, à¤¸à¤¾à¤¯à¥‡	à¤¸à¤¾à¤, à¤¸à¤¾à¤¯à¥‡	à¤¸à¤¾à¤, à¤¸à¤¾à¤¯à¥‡	à¤¸à¤¾à¤¯à¥‹à¤‚	à¤¸à¤¾à¤¯à¥‹	sabÃ£o
salada				salada	salada (Source: Dalgado); French salade (Source: McGregor)	salada (Source: Dalgado); French salade (Source: McGregor)	French salade (Source: McGregor)	à¤¸à¤²à¤¾à¤¦	salÄd		noun		m.	salad										sagu
salsaparrilha	?0.33	 ?297		NA				à¤¸à¤¾à¤²à¤¸à¤¾	sÄlasÄ		noun	(Delhi Hindi) IPA(key): /sÉ‘Ël.sÉ‘Ë/, [sÃ¤Ël.sÃ¤Ë]	m.	Indian sarsparilla	botany	plants								saia
setembro	142.28	128,243		NA	setembro (Source: Wiktionary); English September (Source: McGregor)	setembro (Source: Wiktionary); English September (Source: McGregor)	English September (Source: McGregor)	à¤¸à¤¿à¤¤à¤‚à¤¬à¤°	sitambara	Ø³ØªÙ…Ø¨Ø±	noun		m.	September	calendar	month								salada
sorte				sorte	sorte (Source: Dalgado); Arabic Ø´ÙØ±Ù’Ø· (Source: Wiktionary)	sorte (Source: Dalgado); Arabic Ø´ÙØ±Ù’Ø· (Source: Wiktionary)	Arabic Ø´ÙØ±Ù’Ø· (Source: Wiktionary)	à¤¶à¤°à¥à¤¤à¥€	Å›art	Ø´Ø±Ø·	noun	(Delhi) IPA(key): /ÊƒÉ™É¾tÌª/, [ÊƒÉÉ¾tÌª]	f.	condition, requirement & wager, bet 										salsaparrilha
tabaco				tabaco	tabaco (Source: Dalgado); Persian ØªÙ†Ø¨Ø§Ú©Ùˆ (Source: Wiktionary)	tabaco (Source: Dalgado); Persian ØªÙ†Ø¨Ø§Ú©Ùˆ (Source: Wiktionary)	Persian ØªÙ†Ø¨Ø§Ú©Ùˆ (Source: Wiktionary)	à¤¤à¤‚à¤¬à¤¾à¤•à¥‚	tambÄkÅ«	ØªÙ†Ø¨Ø§Ú©Ùˆ 	noun	(Delhi) IPA(key): /tÌªÉ™m.bÉ‘Ë.kuË/, [tÌªÉÌƒm.bÃ¤Ë.kuË]	m.	tobacco										setembro
tambor				tambor	tambor (Source: Dalgado); Persian tambÅ«ra (Source: McGregor)	tambor (Source: Dalgado); Persian tambÅ«ra (Source: McGregor)	Persian tambÅ«ra (Source: McGregor)	à¤¤à¤‚à¤¬à¥‚à¤°à¤¾	tÄnpÅ«rÄ	ØªÙ†Ù¾ÙˆØ±Ø§	noun	(Delhi) IPA(key): /tÌªÉ‘Ën.puË.É¾É‘Ë/, [tÌªÃ¤ÌƒËn.puË.É¾Ã¤Ë]	m.	tanpura										sorte
toalha	3,33	3,006		toalha	toalha (Source: Dalgado); English towel (Source: McGregor)	toalha (Source: Dalgado); English towel (Source: McGregor)	English towel (Source: McGregor)	à¤¤à¥Œà¤²à¤¿à¤¯à¤¾	tauliyÄ	ØªÙÙˆÙ„ÙÛŒÙÛâ©	noun	(Delhi Hindi) IPA(key): /tÌªÉ”Ë.lÉª.jÉ‘Ë/, [tÌªÉ”Ë.li.jÃ¤Ë]	m.	towel	household	textiles	masc Ä-stem	à¤¤à¥Œà¤²à¤¿à¤¯à¤¾	à¤¤à¥Œà¤²à¤¿à¤, à¤¤à¥Œà¤²à¤¿à¤¯à¥‡	à¤¤à¥Œà¤²à¤¿à¤, à¤¤à¥Œà¤²à¤¿à¤¯à¥‡	à¤¤à¥Œà¤²à¤¿à¤, à¤¤à¥Œà¤²à¤¿à¤¯à¥‡	à¤¤à¥Œà¤²à¤¿à¤¯à¥‹à¤‚	à¤¤à¥Œà¤²à¤¿à¤¯à¥‹	tabaco
toronja				toronja	toronja (Source: Dalgado); Persian turanj (Source: McGregor)	toronja (Source: Dalgado); Persian turanj (Source: McGregor)	Persian turanj (Source: McGregor)	à¤¤à¥à¤°à¤‚à¤œ	turanj	ØªØ±Ù†Ø¬	noun		m.	a kind of citron										tambor
tufÃ£o				? tufÃ£o	? tufÃ£o (Source: Dalgado); Persian Ø·ÙˆÙØ§Ù† (Source: Wiktionary, McGregor)	? tufÃ£o (Source: Dalgado); Persian Ø·ÙˆÙØ§Ù† (Source: Wiktionary, McGregor)	Persian Ø·ÙˆÙØ§Ù† (Source: Wiktionary, McGregor)	à¤¤à¥‚à¤«à¤¼à¤¾à¤¨	tÅ«fÄn	Ø·ÙˆÙØ§Ù†	noun	(Delhi) IPA(key): /tÌªuË.fÉ‘Ën/, [tÌªuË.fÃ¤ÌƒËn], /tÌªuË.pÊ°É‘Ën/, [tÌªuË.pÊ°Ã¤ÌƒËn]	m.	storm, tempest & hurricane										toalha
varanda	5.03	4,533		varanda	varanda (Source: Dalgado); Persian bar Ämada 'come forth' (Source: McGregor)	varanda (Source: Dalgado); Persian bar Ämada 'come forth' (Source: McGregor)	Persian bar Ämada 'come forth' (Source: McGregor)	à¤¬à¤°à¤¾à¤®à¤¦à¤¾	barÄmadÄ	Ø¨Ø±Ø§Ù…Ø¯Ø§	noun	(Delhi Hindi) IPA(key): /bÉ™.É¾É‘Ëm.dÌªÉ‘Ë/, [bÉ.É¾Ã¤ÌƒËm.dÌªÃ¤Ë]	m.	verandah	architecture		masc Ä-stem	à¤¬à¤°à¤¾à¤®à¤¦à¤¾	à¤¬à¤°à¤¾à¤®à¤¦à¥‡	à¤¬à¤°à¤¾à¤®à¤¦à¥‡	à¤¬à¤°à¤¾à¤®à¤¦à¥‡	à¤¬à¤°à¤¾à¤®à¤¦à¥‹à¤‚	à¤¬à¤°à¤¾à¤®à¤¦à¥‹	toronja
verruma				verruma	verruma (Source: Dalgado)	verruma (Source: Dalgado)		à¤¬à¤°à¤®à¤¾	barmÄ	Ø¨Ø±Ù…Ø§	noun	(Delhi) IPA(key): /bÉ™É¾.mÉ‘Ë/, [bÉÉ¾.mÃ¤Ë]	m.	(tool) drill, borer										tufÃ£o
																								verruma