Lemma	Etymology	Pronunciation	Part_of_Speech	Gender	Singular and Plural	Source	Definition	Dalgado Lemma		Definition (Dalgado-English)
achar			Noun	Masculine	achar, achares	http://kaiko.getalp.org/dbnary/por/achar__Substantivo__1	conserva indiana (de peixe, fruta ou vegetal)	Achar	Achar (an Indo-Port. term used to signify 'fruits conserved in vinegar or salt,' equivalent to the English ' pickles')	an Indo-Port. term used to signify 'fruits conserved in vinegar or salt,' equivalent to the English ' pickles'
agosto			Noun	Masculine	agosto, agosto	http://kaiko.getalp.org/dbnary/por/agosto__Substantivo__1	(cronônimo) oitavo mês do ano pelo calendário gregoriano, sucedendo julho e antecedendo setembro			August
aia			Noun	Feminine	aia, aias	http://kaiko.getalp.org/dbnary/por/aia__Substantivo__1	criada de quarto; criada particular; camareira	Aia	Aia (' dry-nurse ')	' dry-nurse '
aia			Noun	Feminine	aia, aias	http://kaiko.getalp.org/dbnary/por/aia__Substantivo__1	criada para companhia	Aia	Aia (' dry-nurse ')	' dry-nurse '
alfinete			Noun	Masculine	alfinete, alfinetes	http://kaiko.getalp.org/dbnary/por/alfinete__Substantivo__1	pequena peça de metal pontiaguda num lado com cabeça	Alfinete	Alfinete (a pin)	a pin
ama			Noun	Feminine	ama, amas	http://kaiko.getalp.org/dbnary/por/ama__Substantivo__1	criada, aia	Ama	Ama (wet-nurse)	wet-nurse
ama			Noun	Feminine	ama, amas	http://kaiko.getalp.org/dbnary/por/ama__Substantivo__1	mulher que amamenta filho alheio	Ama	Ama (wet-nurse)	wet-nurse
âmbar			Noun	Masculine	âmbar, âmbares	https://en.wiktionary.org/wiki/%C3%A2mbar#Portuguese		Âmbar	Ambar (amber especially ambergris)	amber especially ambergris
amém			Interjection			https://en.wiktionary.org/wiki/am%C3%A9m#Portuguese		Amen	Amen (Amen)	Amen
ananás			Noun	Masculine	ananás, ananases	http://kaiko.getalp.org/dbnary/por/ananás__Substantivo__1	abacaxi, infrutescência do ananaseiro	Ananás	Ananás (the pine-apple)	the pine-apple
ananás			Noun	Masculine	ananás, ananases	http://kaiko.getalp.org/dbnary/por/ananás__Substantivo__1	ananaseiro, planta da família das Bromeliáceas cultivada pelos seus saborosos frutos (Ananas comosus)	Ananás	Ananás (the pine-apple)	the pine-apple
anis			Noun	Masculine	anism anises	http://kaiko.getalp.org/dbnary/por/anis__Substantivo__1	a semente desta planta.	?Anis	?Anis (the anise plant ; also aniseed)	the anise plant ; also aniseed
anis			Noun	Masculine	anism anises	http://kaiko.getalp.org/dbnary/por/anis__Substantivo__1	planta (Pimpinella anisum) herbácea da família das umbelíferas com aplicações em farmácia, na culinária e na preparação de algumas bebidas alcoólicas.	?Anis	?Anis (the anise plant ; also aniseed)	the anise plant ; also aniseed
armário			Noun	Masculine	armário, armários	http://kaiko.getalp.org/dbnary/por/armário__Substantivo__1	(Móvel) móvel, normalmente de madeira ou metal, e que normalmente apresenta portas e prateleiras	Armário	Armário (cup-board ; the archaic form of this word, which is even now in use among the people in Portugal, is almario ; it is the result of dissimilation)	cup-board ; the archaic form of this word, which is even now in use among the people in Portugal, is almario ; it is the result of dissimilation
arrátel			Noun	Masculine	arrátel, arráteis	http://kaiko.getalp.org/dbnary/por/arrátel__Substantivo__1	(Metrologia e antigo) unidade de medida de massa de 459 g, equivalente à libra	Arrátel	Arrátel (a pound weight)	a pound weight
ata			Noun	Feminine	ata, atas	http://kaiko.getalp.org/dbnary/por/ata__Substantivo__1	(Brasil e Botânica) fruta obtida da ateira	Ata	Ata (bot., Anona squamosa, L. ; custard-apple)	bot., Anona squamosa, L. ; custard-apple
ata			Noun	Feminine	ata, atas	http://kaiko.getalp.org/dbnary/por/ata__Substantivo__1	(Brasil e Botânica) planta que gera a ata2 (Annona coriacea)	Ata	Ata (bot., Anona squamosa, L. ; custard-apple)	bot., Anona squamosa, L. ; custard-apple
bacia			Noun	Feminine	bacia, bacias	http://kaiko.getalp.org/dbnary/por/bacia__Substantivo__1	a parte inferior do tronco	Bacia|Bacio	Bacia or Bacio (in the sense of 'a dinner plate')	in the sense of 'a dinner plate'
bacia			Noun	Feminine	bacia, bacias	http://kaiko.getalp.org/dbnary/por/bacia__Substantivo__1	bacio de cama	Bacia|Bacio	Bacia or Bacio (in the sense of 'a dinner plate')	in the sense of 'a dinner plate'
bacia			Noun	Feminine	bacia, bacias	http://kaiko.getalp.org/dbnary/por/bacia__Substantivo__1	o conjunto dos riachos e ribeiros afluentes de um rio	Bacia|Bacio	Bacia or Bacio (in the sense of 'a dinner plate')	in the sense of 'a dinner plate'
bacia			Noun	Feminine	bacia, bacias	http://kaiko.getalp.org/dbnary/por/bacia__Substantivo__1	recipiente redondo, de bordas largas, próprio para lavagens	Bacia|Bacio	Bacia or Bacio (in the sense of 'a dinner plate')	in the sense of 'a dinner plate'
bacia			Noun	Feminine	bacia, bacias	http://kaiko.getalp.org/dbnary/por/bacia__Substantivo__1	salva, bandeja	Bacia|Bacio	Bacia or Bacio (in the sense of 'a dinner plate')	in the sense of 'a dinner plate'
bacio			Noun	Masculine	bacio, bacios	http://kaiko.getalp.org/dbnary/por/bacio__Substantivo__1	bispote; penico	Bacia|Bacio	Bacia or Bacio (in the sense of 'a dinner plate')	in the sense of 'a dinner plate'
bacio			Noun	Masculine	bacio, bacios	http://kaiko.getalp.org/dbnary/por/bacio__Substantivo__1	vaso de noite	Bacia|Bacio	Bacia or Bacio (in the sense of 'a dinner plate')	in the sense of 'a dinner plate'
bafo			Noun	Masculine	bafo, bafos	http://kaiko.getalp.org/dbnary/por/bafo__Substantivo__1	(Brasil e gíria) conversa fiada; bazófia, gabolice, prosa; bafo de boca	Bacia|Bacio	Bacia or Bacio (in the sense of 'a dinner plate')	in the sense of 'a dinner plate'
bafo			Noun	Masculine	bafo, bafos	http://kaiko.getalp.org/dbnary/por/bafo__Substantivo__1	(Figurado) abrigo; conchego; aconchego:	Bacia|Bacio	Bacia or Bacio (in the sense of 'a dinner plate')	in the sense of 'a dinner plate'
bafo			Noun	Masculine	bafo, bafos	http://kaiko.getalp.org/dbnary/por/bafo__Substantivo__1	ar exalado dos pulmões; hálito; sopro suave	Bacia|Bacio	Bacia or Bacio (in the sense of 'a dinner plate')	in the sense of 'a dinner plate'
bafo			Noun	Masculine	bafo, bafos	http://kaiko.getalp.org/dbnary/por/bafo__Substantivo__1	brisa; aragem; viração	Bacia|Bacio	Bacia or Bacio (in the sense of 'a dinner plate')	in the sense of 'a dinner plate'
bafo			Noun	Masculine	bafo, bafos	http://kaiko.getalp.org/dbnary/por/bafo__Substantivo__1	favorecimento; proteção; patrocínio	Bacia|Bacio	Bacia or Bacio (in the sense of 'a dinner plate')	in the sense of 'a dinner plate'
baixel			Noun	Masculine	baixel, baixeis	http://kaiko.getalp.org/dbnary/por/baixel__Substantivo__1	embarcação	? Baixel	?Baixel (in the sense of ‘ an Arab barge ’)	in the sense of ‘ an Arab barge ’
baixel			Noun	Masculine	baixel, baixeis	http://kaiko.getalp.org/dbnary/por/baixel__Substantivo__1	pequeno navio	? Baixel	?Baixel (in the sense of ‘ an Arab barge ’)	in the sense of ‘ an Arab barge ’
balde			Noun	Masculine	balde, baldes	http://kaiko.getalp.org/dbnary/por/balde__Substantivo__1	vasilha de forma quase cilíndrica para o transporte de água e outros usos domésticos feita em madeira, metal ou plástico	Balde	Balde (a bucket)	a bucket
baptismo			Noun	Masculine	baptismo, batismos	http://kaiko.getalp.org/dbnary/por/baptismo__Substantivo__1	vide batismo			baptism 
basta			Interjection			https://en.wiktionary.org/wiki/basta#Portuguese		Basta	Basta (verb, stop, it is enough)	verb, stop, it is enough
baú			Noun	Masculine	baú, baús	https://en.wiktionary.org/wiki/ba%C3%BA		Baú	Baú (a trunk, box)	a trunk, box
beringela			Noun	Feminine	beringela, beringelas	http://kaiko.getalp.org/dbnary/por/beringela__Substantivo__1	(Botânica) o fruto dessa planta	Beringela	Beringeia (bot., Bolanum Melongena,L., ‘the egg-plant’)	bot., Bolanum Melongena,L., ‘the egg-plant’
beringela			Noun	Feminine	beringela, beringelas	http://kaiko.getalp.org/dbnary/por/beringela__Substantivo__1	(Botânica) planta solanácea de fruto roxo comestível, rico em iodo	Beringela	Beringeia (bot., Bolanum Melongena,L., ‘the egg-plant’)	bot., Bolanum Melongena,L., ‘the egg-plant’
biscoito			Noun	Masculine	biscoito,biscoitos	http://kaiko.getalp.org/dbnary/por/biscoito__Substantivo__1	(alimentação) alimento, geralmente doce, feito de farinha e assado até que se tornar crocante	Biscoito	Biscoito (biscuit)	biscuit
biscoito			Noun	Masculine	biscoito,biscoitos	http://kaiko.getalp.org/dbnary/por/biscoito__Substantivo__1	pequeno bolo seco e duro geralmente de formato cilíndrico ou cúbico	Biscoito	Biscoito (biscuit)	biscuit
bomba			Noun	Feminine	bomba, bombas	http://kaiko.getalp.org/dbnary/por/bomba__Substantivo__1	(Militar) artefato explosivo usado como arma, empregado em guerras contra alvos militares ou civis, que pode ser lançado ou plantado:			#VALUE!
bomba			Noun	Feminine	bomba, bombas	http://kaiko.getalp.org/dbnary/por/bomba__Substantivo__1	alçapão de estábulo pelo qual despeja-se palha nos cochos			#VALUE!
bomba			Noun	Feminine	bomba, bombas	http://kaiko.getalp.org/dbnary/por/bomba__Substantivo__1	aparelho usado para sugar ou impelir fluidos:			#VALUE!
bomba			Noun	Feminine	bomba, bombas	http://kaiko.getalp.org/dbnary/por/bomba__Substantivo__1	canudo utilizado para tomar chimarrão, geralmente feito de madeira ou metal, achatado em sua extremidade inferior e cheio de pequenos furos que coam a erva-mate, permitindo a sucção apenas do líquido			#VALUE!
bomba			Noun	Feminine	bomba, bombas	http://kaiko.getalp.org/dbnary/por/bomba__Substantivo__1	disco destinado a amortecer o choque entre vagões de comboio/trem			#VALUE!
bomba			Noun	Feminine	bomba, bombas	http://kaiko.getalp.org/dbnary/por/bomba__Substantivo__1	dispositivo usado para inflar (especialmente pneus ou bolas):			#VALUE!
bomba			Noun	Feminine	bomba, bombas	http://kaiko.getalp.org/dbnary/por/bomba__Substantivo__1	engenho pirotécnico composto de pólvora e estopim			#VALUE!
botão			Noun	Masculine	botão, botões	http://kaiko.getalp.org/dbnary/por/botão__Substantivo__1	(Vestuário) objeto usado no vestuário para manter junto extremidades de uma mesma peça em um ponto em que não tem ligação por tecido	Botão	Botão (button)	button
botelha			Noun	Feminine	botelha, botelhas	http://kaiko.getalp.org/dbnary/por/botelha__Substantivo__1	garrafa	? Botelha	? Botelha (‘ bottle ’)	‘ bottle ’
caju			Noun	Masculine	caju, cajus	http://kaiko.getalp.org/dbnary/por/caju__Substantivo__1	(botânica) planta homônima que produz esta fruta			#VALUE!
caju			Noun	Masculine	caju, cajus	http://kaiko.getalp.org/dbnary/por/caju__Substantivo__1	(fruta) fruto oriundo do cajueiro			#VALUE!
calafate			Noun	Masculine	calafate, calafates	http://kaiko.getalp.org/dbnary/por/calafate__Substantivo__1	(Náutica) operário encarregado de calafetar, furar e encavilhar o costado e o fundo do navio, bem como de preparar as bombas de esgoto	Calafate	Calafate (a caulker)	a caulker
calafate			Noun	Masculine	calafate, calafates	http://kaiko.getalp.org/dbnary/por/calafate__Substantivo__1	aquele que trabalha ou é especializado em calafetação (de tonéis, pisos de madeira etc.)	Calafate	Calafate (a caulker)	a caulker
câmara			Noun	Feminine	câmara, câmaras	http://kaiko.getalp.org/dbnary/por/câmara__Substantivo__1	aposento destinado a uma pessoa	Câmara	Câmara (a room)	a room
câmara			Noun	Feminine	câmara, câmaras	http://kaiko.getalp.org/dbnary/por/câmara__Substantivo__1	quarto de dormir	Câmara	Câmara (a room)	a room
camisa			Noun	Feminine	camisa, camisas	http://kaiko.getalp.org/dbnary/por/camisa__Substantivo__1	peça de vestuário para vestir de dia em tecido leve para o tronco e braços com a fralda curta	Camisa	Camisa (a shirt)	a shirt
campo			Noun	Masculine	campo, campos	http://kaiko.getalp.org/dbnary/por/campo__Substantivo__1	grande área aberta usada para cultivo agrícola ou criação pecuária	Campo	Campo (a field)	a field
candil			Noun	Masculine	candil, candis	http://kaiko.getalp.org/dbnary/por/candil__Substantivo__1	(Trás-os-Montes) antiga lâmpada, candeia	? Candil                          	? Candil (in the did acceptation of ‘a lamp' now obsolete)	in the did acceptation of ‘a lamp' now obsolete
capitão			Noun	Masculine	capitão, capitães			Capitão	Capitão (a captain)	a captain
carabina			Noun	Feminine	carabina, carabinas	http://kaiko.getalp.org/dbnary/por/carabina__Substantivo__1	espingarda de cano longo usada pela cavalaria			#VALUE!
carabina			Noun	Feminine	carabina, carabinas	http://kaiko.getalp.org/dbnary/por/carabina__Substantivo__1	qualquer rifle leve de cano longo			#VALUE!
carraguem										#VALUE!
cartucho			Noun	Masculine	cartucho, cartuchos	http://kaiko.getalp.org/dbnary/por/cartucho__Substantivo__1	carga para armas de fogo	Cartucho	Cartucho (a cartridge)	a cartridge
cartucho			Noun	Masculine	cartucho, cartuchos	http://kaiko.getalp.org/dbnary/por/cartucho__Substantivo__1	refil removível e geralmente descartável, que se encaixa em um aparelho ou objeto que utiliza o material de seu interior	Cartucho	Cartucho (a cartridge)	a cartridge
casa			Noun	Feminine	casa, casas	http://kaiko.getalp.org/dbnary/por/casa__Substantivo__1	orifício por onde passa o botão da roupa ao ser abotoada	Casa	Casa (slit to receive fastening; a button-hole)	slit to receive fastening; a button-hole
católico			Adjective		católico, católicos	http://kaiko.getalp.org/dbnary/por/católico__Adjetivo__1	(Religião) que tem o catolicismo como religião	Católico	Católico (a Catholic)	a Catholic
católico			Noun	Masculine	católico, católicos	http://kaiko.getalp.org/dbnary/por/católico__Substantivo__1	pessoa que segue o catolicismo	Católico	Católico (a Catholic)	a Catholic
chá			Noun	Masculine	chá, chás	http://kaiko.getalp.org/dbnary/por/chá__Substantivo__1	(Por extensão) infusão de diversas plantas, como por exemplo chá de erva cidreira, de erva doce, de camomila, de boldo, etc	Chá	Chá (tea)	tea
chá			Noun	Masculine	chá, chás	http://kaiko.getalp.org/dbnary/por/chá__Substantivo__1	a preparação de infusão das folhas de chá	Chá	Chá (tea)	tea
chá			Noun	Masculine	chá, chás	http://kaiko.getalp.org/dbnary/por/chá__Substantivo__1	as folhas secas dessa planta	Chá	Chá (tea)	tea
chá			Noun	Masculine	chá, chás	http://kaiko.getalp.org/dbnary/por/chá__Substantivo__1	planta da família das Teáceas, originária do Extremo Oriente, cultivada por causa de suas folhas que contêm um alcalóide, a teína (cafeína do chá)	Chá	Chá (tea)	tea
chave			Noun	Feminine	chave, chaves	http://kaiko.getalp.org/dbnary/por/chave__Substantivo__1	objeto usado para abrir e fechar uma fechadura, algemas ou cadeado	Chave	Chave (a key)	a key
cifra			Noun	Feminine	cifra, cifras	http://kaiko.getalp.org/dbnary/por/cifra__Substantivo__1	(Música) sistema de notação musical usado para indicar através de símbolos gráficos ou letras, os acordes a serem executados por um instrumento musical			#VALUE!
cifra			Noun	Feminine	cifra, cifras	http://kaiko.getalp.org/dbnary/por/cifra__Substantivo__1	cálculo total			#VALUE!
cifra			Noun	Feminine	cifra, cifras	http://kaiko.getalp.org/dbnary/por/cifra__Substantivo__1	explicação ou chave de uma escrita enigmática ou secreta			#VALUE!
cifra			Noun	Feminine	cifra, cifras	http://kaiko.getalp.org/dbnary/por/cifra__Substantivo__1	monograma de um nome			#VALUE!
cifra			Noun	Feminine	cifra, cifras	http://kaiko.getalp.org/dbnary/por/cifra__Substantivo__1	o mesmo que zero			#VALUE!
cifra			Noun	Feminine	cifra, cifras	http://kaiko.getalp.org/dbnary/por/cifra__Substantivo__1	sinais convencionais de uma escrita que não deve ser compreendida por todos			#VALUE!
cocheiro			Noun	Masculine	cocheiro, cocheiros	http://kaiko.getalp.org/dbnary/por/cocheiro__Substantivo__1	quem guia os cavalos de uma carroça, coche ou carruagem	Cocheiro	Cocheiro (coachman)	coachman
compasso			Noun	Masculine	compasso, compassos	https://en.wiktionary.org/wiki/compasso#Portuguese		Compasso	Compasso (a compass; also measure, time)	a compass; also measure, time
cordão			Noun	Masculine	cordão, cordões	https://en.wiktionary.org/wiki/cord%C3%A3o		Cordão	Cordão (silk rope, twist, or braid)	silk rope, twist, or braid
coronel			Noun	Masculine	coronel,  coronels	http://kaiko.getalp.org/dbnary/por/coronel__Substantivo__1	patente militar, no Brasil entre o tenente-coronel e o general (abreviação: cel.)	Coronel	Coronel (colonel)	colonel
couve			Noun	Masculine	couve, couves	http://kaiko.getalp.org/dbnary/por/couve__Substantivo__1	(Botânica) planta hortense da família das crucíferas cujo nome científico é Brassica oleracea	Couve	Couve (cabbage)	cabbage
cristão			Noun		cristão, cristãos		crente adepto do cristianismo			#VALUE!
cruz			Noun	Feminine	cruz, cruzes	http://kaiko.getalp.org/dbnary/por/cruz__Substantivo__1	símbolo formado por dois planos, normalmente linhas, um orientado horizontalmente e outro na vertical, cruzando-se e formando um ângulo de 90 graus; a linha é, por vezes, maior para baixo do cruzamento	Cruz	Cruz (a cross)	a cross
cunha			Noun	Feminine	cunha, cunhas	http://kaiko.getalp.org/dbnary/por/cunha__Substantivo__1	(Carpintaria) peça que mantém na posição correta a lâmina existente em ferramentas como a plaina, a garlopa	Cunha	Cunha (wedge)	wedge
cunha			Noun	Feminine	cunha, cunhas	http://kaiko.getalp.org/dbnary/por/cunha__Substantivo__1	(Geologia) porção de um maciço de terra que fica acima da superfície interna em relação à qual poderá escorregar por ruptura ou cisalhamento do solo	Cunha	Cunha (wedge)	wedge
cunha			Noun	Feminine	cunha, cunhas	http://kaiko.getalp.org/dbnary/por/cunha__Substantivo__1	(Heráldica) figura, resultante de estilização da forma dessas peças	Cunha	Cunha (wedge)	wedge
cunha			Noun	Feminine	cunha, cunhas	http://kaiko.getalp.org/dbnary/por/cunha__Substantivo__1	peça de metal ou madeira dura, em forma de prisma agudo em um dos lados, e que se insere no vértice de um corte para melhor fender algum material, bem como para calçar, nivelar, ajustar um peça qualquer	Cunha	Cunha (wedge)	wedge
dezembro			Noun	Masculine	dezembro	http://kaiko.getalp.org/dbnary/por/dezembro__Substantivo__1	(cronônimo) décimo segundo e último mês do ano civil			#VALUE!
espada			Noun	Masculine	espada, espadas	http://kaiko.getalp.org/dbnary/por/espada__Substantivo__1	arma branca composta por um punho e uma lâmina pontiaguda e comprida, com um ou dois gumes	Espada	Espada (a sword)	a sword
estábulo			Noun	Masculine	estábulo, estábulos	http://kaiko.getalp.org/dbnary/por/estábulo__Substantivo__1	alprendre ou curral, em que se abriga o gado			#VALUE!
estirar			Verb			http://kaiko.getalp.org/dbnary/por/estirar__Verbo__1	(Medicina) distender (um músculo)	Estirar	Estirar (to extend : to stretch out)	to extend : to stretch out
estirar			Verb			http://kaiko.getalp.org/dbnary/por/estirar__Verbo__1	esticar, estender	Estirar	Estirar (to extend : to stretch out)	to extend : to stretch out
falto			Adjective			http://kaiko.getalp.org/dbnary/por/falto__Adjetivo__1	imperfeito, com defeito	Falto	Falto (deficient, wanting)	deficient, wanting
falto			Adjective			http://kaiko.getalp.org/dbnary/por/falto__Adjetivo__1	que carece de	Falto	Falto (deficient, wanting)	deficient, wanting
falto			Adjective			http://kaiko.getalp.org/dbnary/por/falto__Adjetivo__1	que está desprovido	Falto	Falto (deficient, wanting)	deficient, wanting
falto			Adjective			http://kaiko.getalp.org/dbnary/por/falto__Adjetivo__1	que tem falta de, que está sem algo necessário	Falto	Falto (deficient, wanting)	deficient, wanting
fita			Noun	Feminine	fita, fitas	http://kaiko.getalp.org/dbnary/por/fita__Substantivo__1	(Brasil) objeto de plástico que serve para reproduzir filmes	Fita	Fita (ribbon)	ribbon
fita			Noun	Feminine	fita, fitas	http://kaiko.getalp.org/dbnary/por/fita__Substantivo__1	tira de tecido que serve para ornamentar, atar	Fita	Fita (ribbon)	ribbon
forma			Noun	Feminine	forma, formas	http://kaiko.getalp.org/dbnary/por/forma__Substantivo__1	aparência externa	Forma	Forma (in the sense of ‘mould, appearance’)	in the sense of ‘mould, appearance’
forma			Noun	Feminine	forma, formas	http://kaiko.getalp.org/dbnary/por/forma__Substantivo__1	conjunto de superfícies que compõem um corpo	Forma	Forma (in the sense of ‘mould, appearance’)	in the sense of ‘mould, appearance’
forma			Noun	Feminine	forma, formas	http://kaiko.getalp.org/dbnary/por/forma__Substantivo__1	estado	Forma	Forma (in the sense of ‘mould, appearance’)	in the sense of ‘mould, appearance’
forma			Noun	Feminine	forma, formas	http://kaiko.getalp.org/dbnary/por/forma__Substantivo__1	modo, jeito	Forma	Forma (in the sense of ‘mould, appearance’)	in the sense of ‘mould, appearance’
forma			Noun	Feminine	forma, formas	http://kaiko.getalp.org/dbnary/por/forma__Substantivo__1	molde	Forma	Forma (in the sense of ‘mould, appearance’)	in the sense of ‘mould, appearance’
gentio			Adjective			http://kaiko.getalp.org/dbnary/por/gentio__Adjetivo__1	aquele que professa a religião pagã			#VALUE!
gentio			Adjective			http://kaiko.getalp.org/dbnary/por/gentio__Adjetivo__1	bárbaro			#VALUE!
gentio			Adjective			http://kaiko.getalp.org/dbnary/por/gentio__Adjetivo__1	estrangeiro			#VALUE!
gentio			Adjective			http://kaiko.getalp.org/dbnary/por/gentio__Adjetivo__1	idólatra			#VALUE!
gentio			Noun	Masculine	gentio, gentios	http://kaiko.getalp.org/dbnary/por/gentio__Substantivo__1	indivíduo gentio			#VALUE!
gentio			Noun	Masculine	gentio, gentios	http://kaiko.getalp.org/dbnary/por/gentio__Adjetivo__1	não-israelita			#VALUE!
gentio			Noun	Masculine	gentio, gentios	http://kaiko.getalp.org/dbnary/por/gentio__Adjetivo__1	quantidade de gente			#VALUE!
gudão			Noun	Masculine	gudão, gudões	http://kaiko.getalp.org/dbnary/por/gudão__Substantivo__1	armazém, depósito	Gudão	Gudão (‘ a warehouse for goods and stores’: it is an Indo-Port. word)	‘ a warehouse for goods and stores’: it is an Indo-Port. word
holandês			Adjective			http://kaiko.getalp.org/dbnary/por/holandês__Adjetivo__1	da Holanda ou dos seus habitantes			#VALUE!
holandês			Noun	Masculine	holandês, holandeses	http://kaiko.getalp.org/dbnary/por/holandês__Substantivo__1	língua germânica falada nos Países Baixos, em partes da Bélgica, Suriname e Antilhas Holandesas			#VALUE!
holandês			Noun	Masculine	holandês, holandeses	http://kaiko.getalp.org/dbnary/por/holandês__Substantivo__1	natural da Holanda (região dos Países Baixos) ou dos Países Baixos (também chamado de Holanda)			#VALUE!
holandês			Adjective			http://kaiko.getalp.org/dbnary/por/holandês__Adjetivo__1	relativo à língua holandesa			#VALUE!
hospital			Noun	Masculine	hospital, hospitais	http://kaiko.getalp.org/dbnary/por/igreja__Substantivo__1	(Medicina) local onde se recebem e se tratam doentes			#VALUE!
igreja			Noun	Feminine	igreja, igrejas	http://kaiko.getalp.org/dbnary/por/igreja__Substantivo__1	(grupo) comunidade dos fiéis que creem em Jesus Cristo	Igreja	Igrega (church)	church
igreja			Noun	Feminine	igreja, igrejas	http://kaiko.getalp.org/dbnary/por/igreja__Substantivo__1	(instituição) organização cristã local, nacional ou mundial composta por várias comunidades ou paróquias	Igreja	Igrega (church)	church
igreja			Noun	Feminine	igreja, igrejas	http://kaiko.getalp.org/dbnary/por/igreja__Substantivo__1	(Por extensão: em arquitetura) templo ou santuário onde os cristãos (i.e., a igreja enquanto comunidade) se reúnem	Igreja	Igrega (church)	church
inglês			Adjective	Masculine	inglês, ingleses	http://kaiko.getalp.org/dbnary/por/inglês__Adjetivo__1	da Inglaterra	Inglês	Inglês (arch, and pop. form, ingrês, English)	arch, and pop. form, ingrês, English
inglês			Noun	Masculine	inglês, ingleses	http://kaiko.getalp.org/dbnary/por/inglês__Substantivo__1	língua germânica ocidental originada na Inglaterra, mas atualmente falada em vários países do mundo, tanto oficialmente quanto como segundo idioma			#VALUE!
inglês			Noun	Masculine	inglês, ingleses	http://kaiko.getalp.org/dbnary/por/inglês__Substantivo__1	natural da Inglaterra			#VALUE!
inglês			Adjective	Masculine	inglês, ingleses	http://kaiko.getalp.org/dbnary/por/inglês__Adjetivo__1	relativo à Inglaterra, seu povo, cultura e língua			#VALUE!
jalapa			Noun	Feminine	jalapa, jalapas	http://kaiko.getalp.org/dbnary/por/jalapa__Substantivo__1	(Bairrada) vinho estragado ou de má qualidade; água-pé	Jalapa	Jalapa (jalap root)	jalap root
jalapa			Noun	Feminine	jalapa, jalapas	http://kaiko.getalp.org/dbnary/por/jalapa__Substantivo__1	(botânica) diversas plantas purgativa convolvuláceas e apocináceas recebem este nome; especialmente a Ipomoea purga	Jalapa	Jalapa (jalap root)	jalap root
jalapa			Noun	Feminine	jalapa, jalapas	http://kaiko.getalp.org/dbnary/por/jalapa__Substantivo__1	(botânica) maravilha (Mirabilis jalapa)	Jalapa	Jalapa (jalap root)	jalap root
jalapa			Noun	Feminine	jalapa, jalapas	http://kaiko.getalp.org/dbnary/por/jalapa__Substantivo__1	a raiz de estas planta anteriores	Jalapa	Jalapa (jalap root)	jalap root
jalapa			Noun	Feminine	jalapa, jalapas	http://kaiko.getalp.org/dbnary/por/jalapa__Substantivo__1	purgante preparado com a raiz de estas plantas	Jalapa	Jalapa (jalap root)	jalap root
janela			Noun	Feminine	janela, janelas	http://kaiko.getalp.org/dbnary/por/janela__Substantivo__1	(Interface gráfica) área na tela de um computador, de apresentação componível de diversos elementos gráficos, e que se destina ao uso de um aplicativo	Janela	Janela (window)	window
janela			Noun	Feminine	janela, janelas	http://kaiko.getalp.org/dbnary/por/janela__Substantivo__1	(Nos meios de transporte) lugar o mais próximo à janela	Janela	Janela (window)	window
janela			Noun	Feminine	janela, janelas	http://kaiko.getalp.org/dbnary/por/janela__Substantivo__1	buraco na parede, geralmente retangular, feito para permitir a entrada de luz e ar	Janela	Janela (window)	window
jogar			Verb			http://kaiko.getalp.org/dbnary/por/jogar__Verbo__1	atuar, proceder	Jogar	Jogar (in the sense of ' a game of chance or game with stakes ; a raffle.’)	in the sense of ' a game of chance or game with stakes ; a raffle.’
jogar			Verb			http://kaiko.getalp.org/dbnary/por/jogar__Verbo__1	entregar-se ao jogo	Jogar	Jogar (in the sense of ' a game of chance or game with stakes ; a raffle.’)	in the sense of ' a game of chance or game with stakes ; a raffle.’
jogar			Verb			http://kaiko.getalp.org/dbnary/por/jogar__Verbo__1	fazer apostas em jogo	Jogar	Jogar (in the sense of ' a game of chance or game with stakes ; a raffle.’)	in the sense of ' a game of chance or game with stakes ; a raffle.’
jogar			Verb			http://kaiko.getalp.org/dbnary/por/jogar__Verbo__1	participar do jogo de	Jogar	Jogar (in the sense of ' a game of chance or game with stakes ; a raffle.’)	in the sense of ' a game of chance or game with stakes ; a raffle.’
lâmpada			Noun	Feminine	lâmpada, lâmpadas	https://en.wiktionary.org/wiki/l%C3%A2mpada#Portuguese		Lâmpada	Lâmpada (lamp)	lamp
leilão			Noun	Masculine	leilão,  leilões	https://en.wiktionary.org/wiki/leil%C3%A3o#Portuguese		Leilão	Leilão (auction sale)	auction sale
limão			Noun	Masculine	limão, limões			Limão	Limão (bot., Citrus medica, var. Limonum, Hooker ; lemon)	bot., Citrus medica, var. Limonum, Hooker ; lemon
linguiça			Noun	Feminine	linguiça, linguiças	http://kaiko.getalp.org/dbnary/por/linguiça__Substantivo__1	(Portugal e Alentejo) chouriço de carne	Linguiça	Linguiça (thin sausage)	thin sausage
linguiça			Noun	Feminine	linguiça, linguiças	http://kaiko.getalp.org/dbnary/por/linguiça__Substantivo__1	espécie de chouriço delgado, de carne de porco	Linguiça	Linguiça (thin sausage)	thin sausage
mármore			Noun	Masculine	mármore, mármores	http://kaiko.getalp.org/dbnary/por/mármore__Substantivo__1	(Geologia) rocha metamórfica de variadas cores, originada do calcário exposto a altas temperaturas e pressão; é muito empregada na arquitetura, construção cívil e na fabricação de estátuas e ornamentos			#VALUE!
mármore			Noun	Masculine	mármore, mármores	http://kaiko.getalp.org/dbnary/por/mármore__Substantivo__1	objeto artístico feito de mármore			#VALUE!
martelo			Noun	Masculine	martelo, martelos	http://kaiko.getalp.org/dbnary/por/martelo__Substantivo__1	arma medieval	Martelo	Martelo (hammer, mallet)	hammer, mallet
martelo			Noun	Masculine	martelo, martelos	http://kaiko.getalp.org/dbnary/por/martelo__Substantivo__1	ferramenta com cabo de madeira e na extremidade uma peça de metal com uma superfície lisa, usada para bater em pregos	Martelo	Martelo (hammer, mallet)	hammer, mallet
mastro			Noun	Masculine	mastro, mastros	http://kaiko.getalp.org/dbnary/por/mastro__Substantivo__1	(Arcaísmo) masto	Mastro	Mastro (ship’s mast)	ship’s mast
mastro			Noun	Masculine	mastro, mastros	http://kaiko.getalp.org/dbnary/por/mastro__Substantivo__1	(Náutica) peça de madeira ou de metal, alta e reta, montada verticalmente no centro e nas extremidades das embarcações, para sustentação das velas	Mastro	Mastro (ship’s mast)	ship’s mast
mês			Noun	Masculine	mês, meses	http://kaiko.getalp.org/dbnary/por/mês__Substantivo__1	(cronônimo) cada uma das doze partes em que se divide o ano	Mês	Mês (month)	month
mês			Noun	Masculine	mês, meses	http://kaiko.getalp.org/dbnary/por/mês__Substantivo__1	(cronônimo) período de trinta dias, começando a contar de qualquer data	Mês	Mês (month)	month
mês			Noun	Masculine	mês, meses	http://kaiko.getalp.org/dbnary/por/mês__Substantivo__1	remuneração mensal de um trabalhador	Mês	Mês (month)	month
mesa			Noun	Feminine	mesa, mesas	http://kaiko.getalp.org/dbnary/por/mesa__Substantivo__1	conjunto de objetos colocados sob a mesa1 móvel durante uma refeição	Mesa	Mesa (table)	table
mesa			Noun	Feminine	mesa, mesas	http://kaiko.getalp.org/dbnary/por/mesa__Substantivo__1	móvel usado como superfície para se alimentar, conversar, estudar; távola	Mesa	Mesa (table)	table
mestiço			Noun	Masculine	mestiços, mestiços	http://kaiko.getalp.org/dbnary/por/mestiço__Substantivo__1	descendente de pai de mãe de raças diferentes	Mestiço	Mestiço (a half-caste)	a half-caste
mestre			Noun	Masculine	mestre, mestres	http://kaiko.getalp.org/dbnary/por/mestre__Substantivo__1	(Profissão) pessoa que domina um ofício, atividade ou conhecimento	Mestre	Mestre (master)	master
mestre			Noun	Masculine	mestre, mestres	http://kaiko.getalp.org/dbnary/por/mestre__Substantivo__1	(Profissão) pessoa que ensina	Mestre	Mestre (master)	master
mestre			Noun	Masculine	mestre, mestres	http://kaiko.getalp.org/dbnary/por/mestre__Substantivo__1	chefe de fábrica	Mestre	Mestre (master)	master
mestre			Noun	Masculine	mestre, mestres	http://kaiko.getalp.org/dbnary/por/mestre__Substantivo__1	chefe de operários ou pedreiros	Mestre	Mestre (master)	master
mestre			Noun	Masculine	mestre, mestres	http://kaiko.getalp.org/dbnary/por/mestre__Substantivo__1	o contramestre mais antigo, encarregado da limpeza e conservação e da disciplina da tripulação do convés de embarcação mercante	Mestre	Mestre (master)	master
mestre			Noun	Masculine	mestre, mestres	http://kaiko.getalp.org/dbnary/por/mestre__Substantivo__1	patrão, comandante, capitão etc., o que tem autoridade nos barcos de pesca ou de pequena cabotagem	Mestre	Mestre (master)	master
música			Noun	Feminine	música,			Música	Música (music)	music
órgão			Noun	Masculine	órgão, órgãos			Órgão	Órgão (organ, in the sense of ‘ musical instrument ’)	organ, in the sense of ‘ musical instrument ’
outubro			Noun	Masculine	outubro, outubros	http://kaiko.getalp.org/dbnary/por/outubro__Substantivo__1	(cronônimo) décimo mês do ano civil			#VALUE!
padre			Noun	Masculine	padre, padres	http://kaiko.getalp.org/dbnary/por/padre__Substantivo__1	membro da igreja católica; sacerdote	Padre	Padre (in the sense of ‘ priest, clergyman, missionary, parish priest, pastor’)	in the sense of ‘ priest, clergyman, missionary, parish priest, pastor’
paga			Noun	Feminine	paga,  pagas	https://en.wiktionary.org/wiki/paga#Portuguese		Paga	Paga (‘salary, payment’)	‘salary, payment’
página			Noun	Feminine	página, páginas	https://en.wiktionary.org/wiki/p%C3%A1gina#Portuguese		Página	#VALUE!	#VALUE!
pão			Noun	Masculine	pão, pães	http://kaiko.getalp.org/dbnary/por/pão__Substantivo__1	(alimentação) alimento à base de farinha amassada, fermentada e assada em forno	Pão	Pao (bread, loaf)	bread, loaf
pão			Noun	Masculine	pão, pães	http://kaiko.getalp.org/dbnary/por/pão__Substantivo__1	massa de pão1	Pão	Pao (bread, loaf)	bread, loaf
papaia			Noun	Feminine	papaia, papaias	http://kaiko.getalp.org/dbnary/por/papaia__Substantivo__1	árvore da família das cariáceas (Carica papaya) cujo fruto é o mamão	Papaia	Papaia (bot., Carica papaya, Linn., the papaw tree and its fruit)	bot., Carica papaya, Linn., the papaw tree and its fruit
papaia			Noun	Feminine	papaia, papaias	http://kaiko.getalp.org/dbnary/por/papaia__Substantivo__1	o fruto da mamoeiro com casca amarelo-esverdeada, interior alaranjado e pequenas sementes pretas			#VALUE!
peru			Noun	Masculine	peru, perus	http://kaiko.getalp.org/dbnary/por/peru__Substantivo__1	(Zoologia) ave da família dos Fasianídeos apreciada em culinária	Peru	Peru (popular form perum, turkey)	popular form perum, turkey
pipa			Noun	Feminine	pipa, pipas	http://kaiko.getalp.org/dbnary/por/pipa__Substantivo__1	medida de capacidade de 550 litros	Pipa	Pipa (a cask ; also a barrel)	a cask ; also a barrel
pipa			Noun	Feminine	pipa, pipas	http://kaiko.getalp.org/dbnary/por/pipa__Substantivo__1	recipiente de madeira usado para guardar vinho, azeite, etc.	Pipa	Pipa (a cask ; also a barrel)	a cask ; also a barrel
pires			Noun	Masculine	pires,	http://kaiko.getalp.org/dbnary/por/pires__Substantivo__1	pratinho sobre o qual se coloca a chávena	Pires	Pires (saucer)	saucer
pistola			Noun	Feminine	pistola, pistolas	http://kaiko.getalp.org/dbnary/por/pistola__Substantivo__1	antiga moeda de alguns países	Pistola	Pistola (a pistol)	a pistol
pistola			Noun	Feminine	pistola, pistolas	http://kaiko.getalp.org/dbnary/por/pistola__Substantivo__1	arma de fogo bastante similar ao revólver	Pistola	Pistola (a pistol)	a pistol
polícia			Noun	Feminine	polícia, polícias	http://kaiko.getalp.org/dbnary/por/polícia__Substantivo__1	corporação cujo objetivo é manter a ordem pública e garantir o cumprimento da lei	? Polícia	? Polícia (police)	police
polícia			Noun	Feminine	polícia, polícias	http://kaiko.getalp.org/dbnary/por/polícia__Substantivo__1	funcionário dessa corporação	? Polícia	? Polícia (police)	police
pompa			Noun	Feminine	pompa, pompas					#VALUE!
prato			Noun	Masculine	prato, pratos	http://kaiko.getalp.org/dbnary/por/prato__Substantivo__1	vasilha, normalmente de louça ou metal, em que se come ou se serve comida	Prato	Prato (plate; dish)	plate; dish
prego			Noun	Masculine	prego, pregos	http://kaiko.getalp.org/dbnary/por/prego__Substantivo__1	objeto com corpo cilíndrico com uma das extremidades pontiaguda e outra achatada, usado para ser enfiado em paredes ou para unir duas peças (especialmente de madeira)	Prego	Prego (hairpin, nail)	hairpin, nail
querubim			Noun	Masculine	querubim, querubins	http://kaiko.getalp.org/dbnary/por/querubim__Substantivo__1	anjo figurado por uma cabeça de criança com asas em pinturas ou esculturas	Querubim	Querubim (a cherub)	a cherub
querubim			Noun	Masculine	querubim, querubins	http://kaiko.getalp.org/dbnary/por/querubim__Substantivo__1	uma das diversas sub-categorias de anjo na mitologia judeo-cristã	Querubim	Querubim (a cherub)	a cherub
recibo			Noun	Masculine		http://kaiko.getalp.org/dbnary/por/recibo__Substantivo__1	declaração escrita de se ter recebido algo; quitação	Recibo	Recibo (receipt)	receipt
sabão			Noun	Masculine	sabão, sabões	https://en.wiktionary.org/wiki/sab%C3%A3o#Portuguese		Sabão	Sabao (soap)	soap
sagu			Noun	Masculine		http://kaiko.getalp.org/dbnary/por/sagu__Substantivo__1	No Brasil, o termo é usado principalmente para se referir ao produto amiláceo derivado da raiz de mandioca, também conhecido como Tapioca Pérola ou sagu artificial. Ele é similar à tapioca, porém seu processo produtivo transforma a fécula de mandioca em bolinhas duras e opacas também usado na alimentação.	? Sagu	? Sagu (‘farinaceous pith taken out of the stem of certain palms’)	‘farinaceous pith taken out of the stem of certain palms’
sagu			Noun	Masculine		http://kaiko.getalp.org/dbnary/por/sagu__Substantivo__1	Substância amilácea que se extrai da parte central dos sagueiros	? Sagu	? Sagu (‘farinaceous pith taken out of the stem of certain palms’)	‘farinaceous pith taken out of the stem of certain palms’
saia			Noun	Feminine		http://kaiko.getalp.org/dbnary/por/saia__Substantivo__1	(Vestuário) peça de vestuário feminino que fica da cintura para baixo, no geral, até ao joelho	Saia	Saia (petticoat, skirt)	petticoat, skirt
salada			Noun	Feminine		http://kaiko.getalp.org/dbnary/por/salada__Substantivo__1	prato frio consistente de verduras e frutas	Salada	Salada (salad)	salad
salsaparrilha			Noun	Feminine	salsaparrilha, salsaparrilhas	https://en.wiktionary.org/wiki/salsaparrilha#Portuguese				salsaparrilha 
setembro			Noun	Masculine	setembro, setembros	https://kaiko.getalp.org/describe/?url=http%3A%2F%2Fkaiko.getalp.org%2Fdbnary/por/setembro__Substantivo__1	(cronônimo) nono mês do ano civil			September
sofá 			Noun	Masculine	sofá, sofás	https://en.wiktionary.org/wiki/sof%C3%A1#Portuguese		Sofá	Sofá (sofa)	sofa
sorte			Noun	Masculine	sorte, sortes	http://kaiko.getalp.org/dbnary/por/sorte__Substantivo__1	acaso ou coincidência feliz; contingência favorável	Sorte	Sorte (‘a lottery-coupon’)	‘a lottery-coupon’
sorte			Noun	Masculine	sorte, sortes	http://kaiko.getalp.org/dbnary/por/sorte__Substantivo__1	destino, modo como (algo ou alguém) termina; termo, fim	Sorte	Sorte (‘a lottery-coupon’)	‘a lottery-coupon’
sorte			Noun	Masculine	sorte, sortes	http://kaiko.getalp.org/dbnary/por/sorte__Substantivo__1	fortuna, característica daquele que frequentemente consegue o que quer; boa estrela, felicidade	Sorte	Sorte (‘a lottery-coupon’)	‘a lottery-coupon’
sorte			Noun	Masculine	sorte, sortes	http://kaiko.getalp.org/dbnary/por/sorte__Substantivo__1	tipo, gênero	Sorte	Sorte (‘a lottery-coupon’)	‘a lottery-coupon’
tabaco			Noun	Masculine	tabaco, tabacos	http://kaiko.getalp.org/dbnary/por/tabaco__Substantivo__1	(Por metonímia) cigarro de tabaco ou conjunto deles	Tabaco	Tabaco (tobacco)	tobacco
tabaco			Noun	Masculine	tabaco, tabacos	http://kaiko.getalp.org/dbnary/por/tabaco__Substantivo__1	as folhas servem para fumar, cheirar e mascar	Tabaco	Tabaco (tobacco)	tobacco
tabaco			Noun	Masculine	tabaco, tabacos	http://kaiko.getalp.org/dbnary/por/tabaco__Substantivo__1	designação dos preparados (fumo, rapé, etc.) feitos com as folhas secas dessa planta	Tabaco	Tabaco (tobacco)	tobacco
tabaco			Noun	Masculine	tabaco, tabacos	http://kaiko.getalp.org/dbnary/por/tabaco__Substantivo__1	planta herbácea da família das Solanáceas de origem americana	Tabaco	Tabaco (tobacco)	tobacco
tambor			Noun	Masculine	tambor, tambores	http://kaiko.getalp.org/dbnary/por/tambor__Substantivo__1	cilindro giratório onde se colocam as balas de um revólver	Tambor	Tambor (tambour, drum)	tambour, drum
tambor			Noun	Masculine	tambor, tambores	http://kaiko.getalp.org/dbnary/por/tambor__Substantivo__1	instrumento musical do tipo membranofone, consistindo de uma membrana esticada sobre um tubo ou caixa de ressonância que pode ser de vários formatos	Tambor	Tambor (tambour, drum)	tambour, drum
toalha			Noun	Feminine	toalha,  toalhas	http://kaiko.getalp.org/dbnary/por/toalha__Substantivo__1	pano apropriado para cobrir a mesa onde se come	Toalha	Toalha (towel)	towel
toalha			Noun	Feminine	toalha,  toalhas	http://kaiko.getalp.org/dbnary/por/toalha__Substantivo__1	pano próprio para enxugar o corpo ou qualquer parte dele	Toalha	Toalha (towel)	towel
toalha			Noun	Feminine	toalha,  toalhas	http://kaiko.getalp.org/dbnary/por/toalha__Substantivo__1	peça de pano, geralmente com rendas, para cobrir o altar	Toalha	Toalha (towel)	towel
toronja			Noun	Feminine	toronja, toronjas	http://kaiko.getalp.org/dbnary/por/toronja__Substantivo__1	(Botânica) fruto da toranjeira	Toronja	Toranja (Citrus decumana, the shaddock or ‘ the pomelo ’)	Citrus decumana, the shaddock or ‘ the pomelo ’
tropa			Noun	Feminine	tropa, tropas	https://en.wiktionary.org/wiki/tropa#Portuguese		Tropa		
tufão			Noun	Masculine	tufão, tufões	http://kaiko.getalp.org/dbnary/por/tufão__Substantivo__1	(Meteorologia) ciclone tropical que atinge o oriente, ocorrendo principalmente nos mares da China	? Tufão	? Tufao (hurricane)	hurricane
tufão			Noun	Masculine	tufão, tufões	http://kaiko.getalp.org/dbnary/por/tufão__Substantivo__1	ventania, vento muito forte, vento tempestuoso	? Tufão	? Tufao (hurricane)	hurricane
varanda			Noun	Feminine	varanda, varandas	http://kaiko.getalp.org/dbnary/por/varanda__Substantivo__1	(Arquitetura) sacada	Varanda		
verruma			Noun	Feminine	verruma, verrumas	http://kaiko.getalp.org/dbnary/por/verruma__Substantivo__1	(Ferramenta) instrumento agudo em espiral usado para abrir furos na madeira, broca	Verruma	Verruma (gimlet)	gimlet
								Vinha de alhos	Vinha de alhos (the name of a species of viand)	the name of a species of viand