hiTenTen21 Relative (1)	Variant	Headword	Transliteration	Etymon pt-PT	Etymology Full (Work here)	Urdu 	Part of Speech	Pronunciation	Gender	Definition	hiTenTen21 Absolute (1)	Headword (Hi)	Etymon pt-PT New Spelling	DALGADO Pt-Lemma	Etymology	Etymology Free	Alternative Etymology (1)	Domain	ODomain	Lexical field	Grammar	direct singular	oblique singular	vocative singular	direct plural	oblique plural	vocative plural	Etymon pt-PT_1		Etymology Old
		करमरिया	karamriyā	acalmaria	pt acalmaria (Source: Dasa) .		noun	(Standard Hindi) IPA(key): /kə.ɾəm.ɾɪ.jɑː/, [kɐ.ɾɐ̃m.ɾi.jäː]	m.	(sailing) calming of the water waves due to decrease in winds				NA																pt acalmaria (Source: Dasa)
8		अचार	achār	achar	pt achar (Source: Dalgado, Dasa, McGregor) .	اچار	noun	(Delhi) IPA(key): /ə.t͡ʃɑːɾ/, [ɐ.t͡ʃäːɾ]	m.	achar (a spicy and salty pickle of Indian cuisine)	2,541	अचार		achar	achar (Source: Dalgado)	achar (Source: Dalgado)	 آچار Persian https://en.wiktionary.org/wiki/%D8%A2%DA%86%D8%A7%D8%B1#Persian (source: Wiktionary) 	culinary	culinary	food / preserves		अचार	अचार	अचार	अचार	अचारों	अचारो	achar		pt achar (Source: Dalgado, Dasa, McGregor) .
97.61		अगस्त	agasta	agosto	pt agosto (Source:  McGregor) | en August (Source: McGregor, Platts).	اگست	noun	(Delhi Hindi) IPA(key): /ə.ɡəst̪/, [ɐ.ɡɐst̪]	m.	August	87,980	अगस्त		NA		agosto (Source:  W)	English August (Source: McGregor)	calendar	calendar	month	masc cons-stem	अगस्त	अगस्त	अगस्त	अगस्त	अगस्तों	अगस्तो	agosto		pt agosto (Source:  McGregor) | en August (Source: McGregor, Platts).
N		आया	āyā	aia	pt aia (Source: Dasa, McGregor, Platts) .	آیا‎	noun	(Delhi Hindi) IPA(key): /ɑː.jɑː/, [äː.jäː]	f.	ayah: nurse maid, nurse	N	आया		aia	aia (Source: Dalgado)			occupations	occupations	domestic service / childcare	fem ā-stem	आया	आया	आया	आयाएँ	आयाओं	आयाओ	aia		pt aia (Source: Dalgado, Dasa, McGregor, Platts) .
0.03		आलपीन	ālapīn 	alfinete	pt alfinete (Source: Dasa, McGregor) | en ? pin (Source: McGregor) .	آلپ 	noun	(Delhi Hindi) IPA(key): /ɑːl.piːn/, [äːl.pĩːn]	f.	safety pin & a pin	28	आलपीन		alfinete	alfinete (Source: Dalgado)			sewing	sewing	accessories	fem cons-stem	आलपीन	आलपीन	आलपीन	आलपीनें	आलपीनों	आलपीनो	alfinete		pt alfinete (Source: Dalgado, Dasa, McGregor) | en ? pin (Source: McGregor) .
		आलमनक	ālamnak	almanaque.	pt almanaque (Source: Dasa) .		noun	(Standard Hindi) IPA(key): /ɑː.ləm.nək/, [äː.lɐ̃m.nɐk]		almanac				NA															https://en.wiktionary.org/wiki/%E0%A4%95%E0%A4%B0%E0%A4%AE%E0%A4%B0%E0%A4%BF%E0%A4%AF%E0%A4%BE	pt almanaque (Source: Dasa)
		अंबर	ambar	ambar	pt ambar (Source: Dalgado) | ar عَنْبَر (Source: Dalgado, McGregor) .	عنبر	noun	(Delhi) IPA(key): /əm.bəɾ/, [ɐ̃m.bɐɾ]	m.	ambergris perfume		अंबर	âmbar	ambar	ambar (Source: Dalgado); Persian عنبر https://en.wiktionary.org/wiki/%D8%B9%D9%86%D8%A8%D8%B1#Persian (source:  Wiktionary); Arabic عَنْبَر https://en.wiktionary.org/wiki/%D8%B9%D9%86%D8%A8%D8%B1#Arabic (Source: Dalgado)	ambar (Source: Dalgado); Persian عنبر  (source:  Wiktionary); Arabic عَنْبَر  (Source: Dalgado)	Persian عنبر https://en.wiktionary.org/wiki/%D8%B9%D9%86%D8%A8%D8%B1#Persian (source:  Wiktionary); Arabic عَنْبَر https://en.wiktionary.org/wiki/%D8%B9%D9%86%D8%A8%D8%B1#Arabic (Source: Dalgado)	materials	materials	substances	masc cons-stem	अंबर	अंबर	अंबर	अंबर	अंबरों	अंबरो	ama		pt ambar (Source: Dalgado) | fa عنبر ‘ambergris’ (source:  Wiktionary) | pal ‘ambergris’ mbl (Source: Wiktionary) > ar عَنْبَر (Source: Dalgado, McGregor) .
		आमीन	āmīn	amen	pt amen (Source: Dalgado) | ar آمين ‘amen’ (Source: Dalgado, McGregor) .	آمین	interjection			amen	1,001	आमीन	amém ou ámen	amen	amen (Source: Dalgado); Arabic آمين https://en.wiktionary.org/wiki/%D8%A2%D9%85%D9%8A%D9%86 (Source: Dalgado)	amen (Source: Dalgado); Arabic آمين  (Source: Dalgado)	Arabic آمين https://en.wiktionary.org/wiki/%D8%A2%D9%85%D9%8A%D9%86 (Source: Dalgado)	religion	religion	practices, beliefs and rituals								ambar		pt amen (Source: Dalgado) | ar آمين ‘amen’ (Source: Dalgado, McGregor) .
2.82		अनन्नास	anannāsa	ananás	pt ananás ‘pineapple’ (Source: Dalgado, Dasa, McGregor, Platts) .	انناس	noun	(Delhi Hindi) IPA(key): /ə.nən.nɑːs/, [ɐ.nɐ̃n.näːs]	m.	pineapple (fruit)		अनन्नास		ananás	ananás (Source: Dalgado)	ananás (Source: Dalgado)		botany	botany	fruits	masc cons-stem	अनन्नास	अनन्नास	अनन्नास	अनन्नास	अनन्नासों	अनन्नासो	amen		tpn naná ‘pineapple’ (Source: Wiktionary) > pt ananás ‘pineapple’ (Source: Dalgado, Dasa, McGregor, Platts) .
		अनीसून	anīsun	anis	ur (Source: Dasa).	اَنِیسُون	noun		m.	aniseed		अनीसून		? anis	? anis (Source: Dalgado); Greek ἄνισον https://en.wiktionary.org/wiki/%E1%BC%84%CE%BD%CE%B9%CF%83%CE%BF%CE%BD (Source: Dalgado) ; Latin anisum https://en.wiktionary.org/wiki/anisum#Latin (Source: Dalgado)	? anis (Source: Dalgado); Greek ἄνισον  (Source: Dalgado) ; Latin anisum  (Source: Dalgado)	Greek ἄνισον https://en.wiktionary.org/wiki/%E1%BC%84%CE%BD%CE%B9%CF%83%CE%BF%CE%BD (Source: Dalgado) ; Latin anisum https://en.wiktionary.org/wiki/anisum#Latin (Source: Dalgado)											ananás		pt ? anis (Source: Dalgado) | grc ἄνισον ‘anise (Pimpinella anisum)’ (Source: Dalgado) | grc ἄνισον (Source: Wiktionary) >  la anisum ‘anise (Pimpinella anisum)’  (Source: Dalgado) | ur (Source: Dasa).
4.93		अलमारी	alamārī	armário	la armarium 'closet, chest' > pt armário (Source: Wiktionary) .	اَلْماری	noun	(Delhi Hindi) IPA(key): /əl.mɑː.ɾiː/, [ɐl.mäː.ɾiː]	f.	cupboard, shelf; almirah	4,445	अलमारी		armário	armário (Source: Dalgado)	armário (Source: Dalgado)		furniture	furniture	pieces of furniture	fem ī-stem	अलमारी	अलमारी	अलमारी	अलमारियाँ	अलमारियों	अलमारियो	anis		ine-pro *h₂(e)r-mo- ‘fitting’, *h₂er-mn-to- > itc-pro *armo-, *armnto- ‘weapons’ (Source: De Vaan) > la arma + -ārium ‘storage for weapons’ > pt armário [semantic broadening] (Source: Dalgado) .
		हलमरिया	halamriyā	armário	pt armário (Source: Dasa) .		noun	(Standard Hindi) IPA(key): /ɦə.ləm.ɾɪ.jɑː/, [ɦɐ.lɐ̃m.ɾi.jäː]	m.	(sailing) cell below ship's deck				NA				sailing											https://en.wiktionary.org/wiki/%E0%A4%B9%E0%A4%B2%E0%A4%AE%E0%A4%B0%E0%A4%BF%E0%A4%AF%E0%A4%BE	pt armário (Source: Dasa)
		रतल	ratal	arrátel	ar rat̤l (Source: McGregor) .	رطل	noun		m.	a pound weight	9	रतल		arrátel	arrátel (Source: Dalgado); Arabic rat̤l (Source: McGregor)	arrátel (Source: Dalgado); Arabic rat̤l (Source: McGregor)	Arabic rat̤l (Source: McGregor)											armário		pt arrátel (Source: Dalgado) | ar rat̤l (Source: McGregor) .
		बासन	bāsan	bacia ou bacio	pt bacia, bacio (Source: Dalgado) | sa भाजन ‘(arithmetic) dividing, sharing' & 'a vessel, pot, plate, cup (Source: Dalgado) | sa वासन (Source: Dasa, Platts) .	باسن	noun	(Delhi) IPA(key): /bɑː.sən/, [bäː.sɐ̃n]	m.	pot; any container 	5613	बासन		bacia ou bacio	bacia ou bacio (Source: Dalgado); Sanskrit भाजन https://kosha.app/word/sa/%E0%A4%AD%E0%A4%BE%E0%A4%9C%E0%A4%A8 (Source: Dalgado)	bacia ou bacio (Source: Dalgado); Sanskrit भाजन  (Source: Dalgado)	Sanskrit भाजन https://kosha.app/word/sa/%E0%A4%AD%E0%A4%BE%E0%A4%9C%E0%A4%A8 (Source: Dalgado)	household	household	tableware								arrátel		pt bacia, bacio (Source: Dalgado) | sa भाजन ‘(arithmetic) dividing, sharing' & 'a vessel, pot, plate, cup (Source: Dalgado) | sa वासन (Source: Dasa, Platts).
		भाप	bhāp	bafo	pt ? bafo (Source: Dalgado) | sa वाष्प (Source: Dalgado, Dasa) | sa वप्प (Source: Dasa) .	بھاپ	noun		m.	steam, water vapour  & vapour, gas	5890	भाप		? bafo	? bafo (Source: Dalgado); Sanksrit वाष्प https://en.wiktionary.org/wiki/%E0%A4%B5%E0%A4%BE%E0%A4%B7%E0%A5%8D%E0%A4%AA#Sanskrit (Source: Dalgado)	? bafo (Source: Dalgado); Sanksrit वाष्प  (Source: Dalgado)	Sanksrit वाष्प https://en.wiktionary.org/wiki/%E0%A4%B5%E0%A4%BE%E0%A4%B7%E0%A5%8D%E0%A4%AA#Sanskrit (Source: Dalgado)	sensoryPerception	sensory perception	smell								ata		pt ? bafo (Source: Dalgado) | sa वाष्प (Source: Dalgado, Dasa) | sa वप्प (Source: Dasa) .
		बजरा	bajrā	baixel	ar بغلة (Source: Dalgado) | sa वज्र+कः (Source: Platts) .	بجرا	noun		m.	A kind of boat commonly used for travelling; a large kind of pleasure-boat (round-bottomed and keel-less, — commonly called 'budgerow').		बजरा		? baixel	? baixel (Source: Dalgado); Arabic بغلة https://en.wiktionary.org/wiki/%D8%A8%D8%BA%D9%84%D8%A9 (Source: Dalgado)	? baixel (Source: Dalgado); Arabic بغلة  (Source: Dalgado)	Arabic بغلة https://en.wiktionary.org/wiki/%D8%A8%D8%BA%D9%84%D8%A9 (Source: Dalgado)											bacia ou bacio		pt ? baixel (Source: Dalgado) | ar بغلة (Source: Dalgado) .
4.31		बालटी	bālaṭī	balde	pt balde (Source: McGregor) | en bucket (Source: Dasa) | sa  वारि+धि? (Source: Platts) .	بالٹی	noun	(Delhi Hindi) IPA(key): /bɑːl.ʈiː/, [bäːl.ʈiː]	f.	bucket, container	3,889	बालटी		balde	balde (Source: Dalgado)	balde (Source: Dalgado)		objects	objects	domestic items	fem ī-stem	बालटी	बालटी	बालटी	बालटियाँ	बालटियों	बालटियो	bafo		pt balde (Source: Dalgado, McGregor) | en bucket (Source: Dasa) .
1.37		बाप्तिस्मा	bāptismā	baptismo	pt ? baptismo (Source: Dalgado) | grc > pt baptismo (Source: McGregor) | en baptism (Source: Dalgado) | grc βάπτισμα (Source: Platts) .	بمبہ	noun	(Delhi Hindi) IPA(key): /bɑːp.t̪ɪs.mɑː/, [bäːp.t̪ɪs.mäː]	m. 	(Christianity) baptism	1231	बाप्तिस्मा		? baptismo	? baptismo (Source: Dalgado); English baptism (Source: Dalgado)	? baptismo (Source: Dalgado); English baptism (Source: Dalgado)	English baptism (Source: Dalgado)	religion	religion	practices, beliefs and rituals	masc ā-stem	बाप्तिस्मा	बाप्तिस्मे	बाप्तिस्मे	बाप्तिस्मे	बाप्तिस्मों	बाप्तिस्मो	baixel		pt ? baptismo (Source: Dalgado) | grc > pt baptismo (Source: McGregor) | en baptism (Source: Dalgado) .
		बस	bas	basta	fa بس ‘enough, sufficiently' (Source: Dasa, McGregor) .	بس	adv.			merely, only	281570	बस		basta	basta (Source: Dalgado); Persian بس https://en.wiktionary.org/wiki/%D8%A8%D8%B3#Persian (Source: Dalgado; Wiktionary; McGregor)	basta (Source: Dalgado); Persian بس  (Source: Dalgado; Wiktionary; McGregor)	Persian بس https://en.wiktionary.org/wiki/%D8%A8%D8%B3#Persian (Source: Dalgado; Wiktionary; McGregor)											balde		pt basta (Source: Dalgado) | fa بس ‘enough, sufficiently' (Source: Dalgado, Dasa, McGregor) .
		बैंगन	baiṅgan	beringela	sa वङ्गन  (Source: Platts) |  fa بادنجان (Source: Soares) | sa वृन्ताक (Source:  Dasa) .	بینگن	noun	(Delhi) IPA(key): /bɛːŋ.ɡən/, [bɛ̃ːŋ.ɡɐ̃n]	m.	eggplant, aubergine, brinjal	4460	बैंगन		beringela	beringela (Source: Dalgado); Prakrit 𑀯𑀸𑀇𑀁𑀕𑀡 https://en.wiktionary.org/wiki/%F0%91%80%AF%F0%91%80%B8%F0%91%80%87%F0%91%80%81%F0%91%80%95%F0%91%80%A1#Prakrit, from Sanskrit वङ्गन https://en.wiktionary.org/wiki/%E0%A4%B5%E0%A4%99%E0%A5%8D%E0%A4%97%E0%A4%A8#Sanskrit (Source: Wiktionary);  Persian بادنجان https://en.wiktionary.org/wiki/%D8%A8%D8%A7%D8%AF%D9%86%D8%AC%D8%A7%D9%86#Persian (Source: Soares,  Wiktionary) 	beringela (Source: Dalgado); Prakrit 𑀯𑀸𑀇𑀁𑀕𑀡  from Sanskrit वङ्गन  (Source: Wiktionary);  Persian بادنجان  (Source: Soares,  Wiktionary) 	Prakrit 𑀯𑀸𑀇𑀁𑀕𑀡 https://en.wiktionary.org/wiki/%F0%91%80%AF%F0%91%80%B8%F0%91%80%87%F0%91%80%81%F0%91%80%95%F0%91%80%A1#Prakrit, from Sanskrit वङ्गन https://en.wiktionary.org/wiki/%E0%A4%B5%E0%A4%99%E0%A5%8D%E0%A4%97%E0%A4%A8#Sanskrit (Source: Wiktionary);  Persian بادنجان https://en.wiktionary.org/wiki/%D8%A8%D8%A7%D8%AF%D9%86%D8%AC%D8%A7%D9%86#Persian (Source: Soares,  Wiktionary) 											baptismo		pt beringela (Source: Dalgado) | sa वङ्गन  (Source: Platts) |  fa بادنجان (Source: Soares) | sa वृन्ताक (Source:  Dasa).
		बिस्कुट	biskuṭ	biscoito	pt biscoito (Source: Dalgado) | en biscuit (Source: Dasa) .	بسکٹ	noun	(Delhi) IPA(key): /bɪs.kʊʈ/	m.	biscuit, cookie, cracker	4,128	बिस्कुट		biscoito	biscoito (Source: Dalgado); English biscuit (Source: Wiktionary)	biscoito (Source: Dalgado); English biscuit (Source: Wiktionary)	English biscuit (Source: Wiktionary)	culinary	culinary	food / baked goods								basta		pt biscoito (Source: Dalgado) | en biscuit (Source: Dasa) .
0.17		बंबा	bambā	bomba	pt bomba (Source: McGregor) .	بمبہ	noun	(Delhi) IPA(key): /bəm.bɑː/, [bɐ̃m.bäː]	m.	pump; water pump & channel, narrow river, creek	154	बंबा		bomba	bomba (Source: Dalgado)	bomba (Source: Dalgado)		military	military	weapons, explosives, devices								beringela		pt bomba (Source: Dalgado, McGregor) .
		गुदाम	gudam	botão	sk (Source: Dasa) | pt botão (Source: Dasa) | en button (Source: Dasa) > hi बुताम (Source: Dasa) .		noun		m.	button				NA																sk (Source: Dasa) | pt botão (Source: Dasa) | en button (Source: Dasa) > hi बुताम (Source: Dasa)
		बटन	baṭan	botão	en button (Source: Dasa, Platts) .	بٹن	noun		m.	button (fastener) &  button (presser)	17333	बटन		botão	botão (Source: Dalgado); English button (Source: Dasa)	botão (Source: Dalgado); English button (Source: Dasa)	English button (Source: Dasa)											biscoito		pt botão (Source: Dalgado) | en button (Source: Dasa) .
24.63		बोतल	bōtal	botelha	pt ? botelha (Source: Dalgado, McGregor) | en bottle (Source: Dalgado, Dasa, McGregor, Platts) .	بوتَل	noun	IPA(key): [ˈbo(ː)t̪əl̪]	f.	bottle	22,198	बोतल		? botelha	? botelha (Source: Dalgado); English bottle (Source: Dalgado)	? botelha (Source: Dalgado); English bottle (Source: Dalgado)	English bottle (Source: Dalgado)	objects	objects	drinkware	fem cons-stem	बोतल	बोतल	बोतल	बोतलें	बोतलों	बोतलो	bomba		pt ? botelha (Source: Dalgado, McGregor) | en bottle (Source: Dalgado, Dasa, McGregor) .
7.87		काजू	kājū	caju	pt ? caju (Source: Platts) | kok काज्जु (Source: Dasa) .	کاجو⁩	noun	(Delhi Hindi) IPA(key): /kɑː.d͡ʒuː/, [käː.d͡ʒuː]	m.	cashew nut	7090	काजू		NA				botany	botany	fruits	masc ū-stem	काजू	काजू	काजू	काजू	काजुओं	काजुओ	botão		pt ?caju (Source: Platts) | kok काज्जु (Source: Dasa)
		कलापट्टी	kalāpaṭṭī	calafate	pt calafate (Source: Dalgado, Dasa) | ar (Source: Dalgado) .	کالاپتی	noun		m. and f.	caulker & act of caulking in ships	0	कलापट्टी		calafate	calafate (Source: Dalgado); Arabic (Source: Dalgado)	calafate (Source: Dalgado); Arabic (Source: Dalgado)	Arabic (Source: Dalgado)	nautics	nautics	nautical tools, components and materials								botelha		pt calafate (Source: Dalgado, Dasa) | ar (Source: Dalgado) .
95.94		कमरा	kamarā	câmara	pt câmara (Source: Dalgado, McGregor, Platts) | en camera (Source: Dasa) .	کِران٘چی	noun	(Delhi Hindi) IPA(key): /kəm.ɾɑː/, [kɐ̃m.ɾäː]	m.	room	86,477	कमरा		câmara	câmara (Source: Dalgado)	câmara (Source: Dalgado)		architecture	architecture	buildings	masc ā-stem	कमरा	कमरे	कमरे	कमरे	कमरों	कमरो	caju		pt câmara (Source: Dalgado) .
		क़मीज़	qamīz	camisa	pt camisa (Source: Dalgado) | ar قميص ‘shirt’ & ‘gown’ (Source: Dalgado, Platts) .	قمیض	noun	(Delhi) IPA(key): /qə.miːz/, [qɐ.miːz], /kə.miːd͡ʒ/, [kɐ.miːd͡ʒ]	f.	shirt	2427	क़मीज़		camisa	camisa (Source: Dalgado); Persian قمیص https://en.wiktionary.org/wiki/%D9%82%D9%85%DB%8C%D8%B5#Persian (Source: Wiktionary); Arabic (Source: Dalgado)	camisa (Source: Dalgado); Persian قمیص  (Source: Wiktionary); Arabic (Source: Dalgado)	Persian قمیص https://en.wiktionary.org/wiki/%D9%82%D9%85%DB%8C%D8%B5#Persian (Source: Wiktionary); Arabic (Source: Dalgado)	clothing	clothing	clothing items								calafate		pt camisa (Source: Dalgado) | ar قميص ‘shirt’ & ‘gown’  (Source: Wiktionary) > fa قمیص (Source: Wiktionary) | lat camisia (Source:Wiktionary) > ar قميص ‘shirt’ & ‘gown’ (Source: Dalgado) .
		कंपू	kampū	campo	en camp (Source: McGregor, Platts) .		noun	(Delhi) IPA(key): /kəm.puː/, [kɐ̃m.puː]	m.	encampment & tent & cantonment & camp 	N	कंपू		campo	campo (Source: Dalgado); English camp (Source: McGregor)	campo (Source: Dalgado); English camp (Source: McGregor)	English camp (Source: McGregor)											câmara		pt campo (Source: Dalgado) | en camp (Source: McGregor, Platts) .
		कंडीलिया	kandilya	candil	pt candil (Source: Dasa) | hi कंडील 'lamp' (Source: Dasa) .		noun		m.	lighthouse				NA																pt candil (Source: Dasa) | hi कंडील 'lamp' (Source: Dasa)
		कंदील	kandīl	candil	pt ? candil (Source: Dalgado) | lat candēla ‘a light made of wax or tallow' > grc κανδήλη ‘oil lamp' > ar قنديل  ‘lamp' (Source: Dalgado, Dasa) | pa kandīl [arabicized] (Source: Platts) .	قندیل	noun		f.	a lantern	421	क़ंदील		? candil	? candil (Source: Dalgado); Arabic قنديل https://en.wiktionary.org/wiki/%D9%82%D9%86%D8%AF%D9%8A%D9%84#Arabic (Source: Dalgado)	? candil (Source: Dalgado); Arabic قنديل  (Source: Dalgado)	Arabic قنديل https://en.wiktionary.org/wiki/%D9%82%D9%86%D8%AF%D9%8A%D9%84#Arabic (Source: Dalgado)	objects	objects	domestic items / lighting								camisa		pt ? candil (Source: Dalgado) | lat candēla ‘a light made of wax or tallow' > grc κανδήλη ‘oil lamp' > ar قنديل  ‘lamp' (Source: Dalgado, Dasa)  .
		कप्तान	kaptān	capitão	pt capitão (Source: Dalgado) | en Captain (Source: Dasa, McGregor, Platts) .	کپتان	noun	(Delhi) IPA(key): /kəp.t̪ɑːn/, [kɐp.t̪ä̃ːn]	m.	captain (of a ship)	91962	कप्तान		capitão	capitão (Source: Dalgado); English Captain (Source: Wiktionary)	capitão (Source: Dalgado); English Captain (Source: Wiktionary)	English Captain (Source: Wiktionary)	nautics	nautics	military ranks and titles								campo		pt capitão (Source: Dalgado) | en Captain (Source: Wiktionary) .
		कारबाइन	kaṛābīn	carabina	fa qarābīn (Source: McGregor) | fr carbine (Source: Platts) .	کاربائن	noun		f.	a carbine	94	कारबाइन		? carabina	? carabina (Source: Dalgado); French carabine (Source: Dalgado); Persian qarābīn (Source: McGregor)	? carabina (Source: Dalgado); French carabine (Source: Dalgado); Persian qarābīn (Source: McGregor)	French carabine (Source: Dalgado); Persian qarābīn (Source: McGregor)											candil		pt ? carabina (Source: Dalgado) | fr carabine (Source: Dalgado) | fa qarābīn (Source: McGregor) .
<0.01		किराँची	kirām̐cī	carraguem	pt carraguem (Source: McGregor) | en carriage (Source: Dasa) .	کِران٘چی	noun	(Delhi Hindi) IPA(key): /kɪ.ɾɑ̃ː.t͡ʃiː/, [kɪ.ɾä̃ː.t͡ʃiː]	f.	a cart used to carry loads, carriage of goods train & bullock cart	0	किराँची		NA	NA (Source: Dalgado); 						fem ī-stem	किराँची	किराँची	किराँची	किराँचियाँ	किराँचियों	किराँचियो	capitão		pt carraguem (Source: McGregor) | en carriage (Source: Dasa)
		कारतूस	kārtūs	cartucho	pt cartucho (Source: Dasa) | fr cartouche (Source: McGregor) | fa توشدان [corr. of] (Source: Platts) .	کارتوس	noun	(Delhi) IPA(key): /kɑːɾ.t̪uːs/, [käːɾ.t̪uːs]	m.	(firearms) cartridge	6780	कारतूस		? cartucho	? cartucho (Source: Dalgado); French cartouche (Source: McGregor)	? cartucho (Source: Dalgado); French cartouche (Source: McGregor)	French cartouche (Source: McGregor)											carabina		pt ? cartucho (Source: Dalgado) | pt cartucho (Source: Dasa) | fr cartouche (Source: McGregor) .
		तूसदान	tusadan	cartucho	pt cartucho + दान [addition of suffix] (Source: Dasa) | en cartridge (Source: Platts) .		noun	(Standard Hindi) IPA(key): /t̪uːs.d̪ɑːn/, [t̪uːs.d̪ä̃ːn]	m.	cartridge				NA																pt cartucho + दान [addition of suffix] (Source: Dasa)
		काज	kāj	casa (de botão)	pt casa de botão (Source: Dasa) | sa काचः ‘a loop' (Source: Platts) .	کاج	noun	(Delhi) IPA(key): /kɑːd͡ʒ/, [käːd͡ʒ]	m.	a buttonhole		काज		casa	casa (Source: Dalgado); Sanskrit काचः 'a loop' (Source: Platts)	casa (Source: Dalgado); Sanskrit काचः 'a loop' (Source: Platts)	Sanskrit काचः 'a loop' (Source: Platts)											carraguem		pt casa de botão (Source: Dalgado, Dasa) | sa काचः ‘a loop' (Source: Platts) .
		कैथोलिक	kaitholik	católico	pt católico (Source: Dalgado) | en Catholic (Source: Dalgado) .	کیتھولک	noun	(Delhi) IPA(key): /kɛː.t̪ʰoː.lɪk/	m. or f.	Catholic, Roman Catholic	4099	कैथोलिक		católico	católico (Source: Dalgado); English Catholic (Source: Dalgado, Wiktionary)	católico (Source: Dalgado); English Catholic (Source: Dalgado, Wiktionary)	English Catholic (Source: Dalgado, Wiktionary)	religion	religion	practices, beliefs and rituals								cartucho		pt católico (Source: Dalgado) | en Catholic (Source: Dalgado) .
		चाय	cāy	chá	pt chá (Source: Dalgado) | fa cāʾe (Source: McGregor) .	چائے	noun	(Delhi) IPA(key): /t͡ʃɑːj/, [t͡ʃäːj], /t͡ʃɑː.eː/, [t͡ʃäː.eː]	f.	tea (plant, beverage) & cup of tea	64719	चाय		chá	chá (Source: Dalgado); Persian [P. cāʾe] (Source: McGregor)	chá (Source: Dalgado); Persian [P. cāʾe] (Source: McGregor)	Persian [P. cāʾe] (Source: McGregor)	culinary	culinary	drinks								casa		pt chá (Source: Dalgado) | fa cāʾe (Source: McGregor) .
		छापा		chapa	pt ? chapa (Source: Dalgado) | sn चयन (Source: Dasa, Platts) .	چھاپہ	noun			a seal, impression, stamp, or brand	N	छापा		? chapa	? chapa (Source: Dalgado)	? chapa (Source: Dalgado)		materials	materials	construction								católico		pt ? chapa (Source: Dalgado) | sn चयन (Source: Dasa) .
7.86		चाबी	cābī	chave	pt chave (Source: Dalgado, Dasa) .	چابی	noun	(Delhi Hindi) IPA(key): /t͡ʃɑː.biː/, [t͡ʃäː.biː]	f.	key 	7,089	चाबी		chave	chave (Source: Dalgado)	chave (Source: Dalgado)		objects	objects	artifact	fem ī-stem	चाबी	चाबी	चाबी	चाबियाँ	चाबियों	चाबियो	chá		pt chave (Source: Dalgado, Dasa) .
		कोचवान	kochvān	cocheiro	ar (Source: Dasa).	کوچبان	noun		m.	a coachman	196	कोचवान		cocheiro	cocheiro (Source: Dalgado); English coachman (Source: Dalgado)	cocheiro (Source: Dalgado); English coachman (Source: Dalgado)	English coachman (Source: Dalgado)											cifra		pt cocheiro (Source: Dalgado) | en coachman (Source: Dalgado) | ar (Source: Dasa).
		कर्नल	karnal	coronel	pt coronel (Source: Dalgado) | en colonel (Source: Dasa) .	کرنل	noun		m.	colonel	11389	कर्नल		coronel	coronel (Source: Dalgado); English colonel (Source: D, Wiktionary)	coronel (Source: Dalgado); English colonel (Source: D, Wiktionary)	English colonel (Source: D, Wiktionary)	military	military	military ranks and titles								coche		pt coronel (Source: Dalgado) | en colonel (Source: Dasa) .
7.8		गोभी	gobhī	couve	pt couve (Source: Dalgado) | sa गो+जिव्हा? (Source: Platts) | en cabbage (Source: Dasa) .	گوبھی	noun	(Delhi Hindi) IPA(key): /ɡoː.bʱiː/	f.	cabbage & cauliflower	6,775	गोभी		couve	couve (Source: Dalgado); Sanksrit गोजीह्विका (Source: Wiktionary)	couve (Source: Dalgado); Sanksrit गोजीह्विका (Source: Wiktionary)	Sanksrit गोजीह्विका (Source: Wiktionary)	food	food	food / vegetables	fem ī-stem	गोभी	गोभी	गोभी	गोभियाँ	गोभियों	गोभियो	cocheiro		pt couve (Source: Dalgado) | sa गोजीह्विका ‘the uvula' (Source: Wiktionary) .
0.06		क्रिस्तान	kristāna	cristão	pt cristão (Source: McGregor) | en Christian (Source: Dasa, Platts)  .	کِرسٹان	noun	(Delhi Hindi) IPA(key): /kɾɪs.t̪ɑːn/, [kɾɪs.t̪ä̃ːn]	m. or f.	christian	54	क्रिस्तान		NA	NA (Source: Dalgado); 			religion	religion	practices, beliefs and rituals								coronel		pt (Source: Dalgado, McGregor) | en (Source: Dasa)  .
0.82		क्रूस	krūsa	cruz	pt cruz (Source: Dalgado, McGregor) | en cross (Source: Dasa) .	⁧کْرُوس⁩	noun	(Delhi Hindi) IPA(key): /kɾuːs/	m.	the cross on which Jesus Christ was crucified & crucifix, cross	735	क्रूस		cruz	cruz (Source: Dalgado)	cruz (Source: Dalgado)		religion	religion	practices, beliefs and rituals	masc cons-stem	क्रूस	क्रूस	क्रूस	क्रूस	क्रूसों	क्रूसो	couve		itc-pro *kruk(-i)-? (Source: de Vaan) > la crux 'wooden frame, cross' (Source: de Vaan) > pt cruz (Source: Dalgado, McGregor) | en cross (Source: Dasa) .
		कुनिया		cunha	pt cunha (Source: Dalgado) | sa काण (Source: Dasa) .		noun			wedge	24	कुनिया		cunha	cunha (Source: Dalgado)	cunha (Source: Dalgado)												cristão		pt cunha (Source: Dalgado) .
0.06		डीसिल्वा	ḍīsilvā	da Silva	pt da Silva (Source: Wiktionary) > kok द सिल्वा (Source: Wiktionary) > en D'Silva, Desilva (Source: Wiktionary) .	⁧ڈی سلوا⁩	proper noun	(Delhi Hindi) IPA(key): /ɖiː.sɪl.ʋɑː/, [ɖiː.sɪl.ʋäː]		a surname from Portuguese, equivalent to English D'Silva or Desilva	54	डीसिल्वा		NA	NA (Source: Dalgado); 													cruz		pt  da Silva (Source: Dalgado)  .
172.66		दिसंबर	disambara	dezembro	pt dezembro (Source: McGregor) | en December (Source: Dasa, McGregor) .	دسمبر⁩ 	noun	(Delhi Hindi) IPA(key): /d̪ɪ.səm.bəɾ/, [d̪ɪ.sɐ̃m.bɐɾ]	m.	December	155,631	दिसंबर		NA	English December (Source: McGregor)	English December (Source: McGregor)	English December (Source: McGregor)	calendar	calendar	month	masc cons-stem	दिसंबर	दिसंबर	दिसंबर	दिसंबर	दिसंबरों	दिसंबरो	cunha		pt dezembro (Source: McGregor) | ine-pro *deḱm ‘ten’, *deḱm-to- ‘tenth’ (Source: de Vaan) > itc-pro *dekm ‘ten’, *dekamo- ‘tenth’ > la decem + -ber 'pertaining to the tenth (month)' (Source: Ernout-Meillet) > en December (Source: Dasa, McGregor) .
12.07		इस्पात	ispāta	espada	pt espada (Source: Dalgado, Dasa, McGregor) .	اسپات	noun	(Delhi Hindi) IPA(key): /ɪs.pɑːt̪/, [ɪs.päːt̪]	m.	steel	10,882	इस्पात		espada	espada (Source: Dalgado)	espada (Source: Dalgado)				weapons, explosives, devices								da Silva		pt espada (Source: Dalgado, Dasa, McGregor) .
279.86		अस्पताल	aspatāla	espital	pt espital (Source: McGregor) | en hospital (Source: Dasa, McGregor) .	اَسْپَتال⁩	noun	(Delhi Hindi) IPA(key): /əs.pə.t̪ɑːl/, [ɐs.pɐ.t̪äːl]	m.	hospital	252,251	अस्पताल		NA	espital (Source: Wiktionary); English hospital (Source: McGregor)	espital (Source: Wiktionary); English hospital (Source: McGregor)	English hospital (Source: McGregor)	healthcare	healthcare	medical institutions	masc cons-stem	अस्पताल	अस्पताल	अस्पताल	अस्पताल	अस्पतालों	अस्पतालो	gudão		pt espital (Source: McGregor) | en hospital (Source: Dasa, McGregor) .
0.62		अस्तबल	astabala	estábulo	pt estábulo (Source: McGregor) |  grc > la > ar ist̤abal (Source: McGregor) | ar (Source: Dasa) .	اَصْطَبَل	noun	(Delhi Hindi) IPA(key): /əs.t̪ə.bəl/, [ɐs.t̪ɐ.bɐl]	m.	stable (for a horse)	556	अस्तबल		NA	estábulo  (Source: McGregor); Arabic ist̤abal (Source: McGregor)	estábulo  (Source: McGregor); Arabic ist̤abal (Source: McGregor)	Arabic ist̤abal (Source: McGregor)	animalHusbandry	animalHusbandry	animal housing	masc cons-stem	अस्तबल	अस्तबल	अस्तबल	अस्तबल	अस्तबलों	अस्तबलो	dezembro		pt estábulo (Source: McGregor) |  grc > la > ar ist̤abal (Source: McGregor) | ar (Source: Dasa)
0.17		इस्तरी	istarī	estirar	pt estirar (Source: Dalgado, McGregor) .	استری	noun	(Delhi Hindi) IPA(key): /ɪs.t̪ɾiː/	f.	iron, press	155	इस्तरी		estirar	estirar (Source: Dalgado)	estirar (Source: Dalgado)					fem ī-stem	इस्त्री	इस्त्री	इस्त्री	इस्त्रियाँ	इस्त्रियों	इस्त्रियो	espada		pt estirar (Source: Dalgado, McGregor) .
		फ़ालतू	fāltū	falto	pt falto (Source: Dalgado) .	فالتو	adj.	(Delhi) IPA(key): /fɑːl.t̪uː/, [fäːl.t̪uː], /pʰɑːl.t̪uː/, [pʰäːl.t̪uː]		unnecessary, pointless & bad; not nice; of poor quality & useless, irrelevant, good-for-nothing (used for someone)		फ़ालतू		falto	falto (Source: Dalgado)	falto (Source: Dalgado)												estábulo		pt falto (Source: Dalgado) .
	फीता	फ़ीता	fītā	fita	pt fita (Source: Dalgado, Dasa) .	 ⁧فیتہ⁩	noun	(Delhi Hindi) IPA(key): /fiː.t̪ɑː/, [fiː.t̪äː], /pʰiː.t̪ɑː/, [pʰiː.t̪äː]	m.	lace; shoelace & tape; tape measure & ribbon	0	फ़ीता		fita	fita (Source: Dalgado)	fita (Source: Dalgado)					masc ā-stem	फ़ीता	फ़ीते	फ़ीते	फ़ीते	फ़ीतों	फ़ीतो	estirar		pt fita (Source: Dalgado, Dasa) .
		फ़रमा	faramā	forma	en form (Source: McGregor) .		noun			in the sense of ‘mould, appearance’		फ़रमा		forma	forma (Source: Dalgado)	forma (Source: Dalgado)												falto		pt forma (Source: Dalgado) .
<0.01		जेंटू	jẽṭū	gentio		⁧جینٹو⁩	noun	(Delhi Hindi) IPA(key): /d͡ʒẽː.ʈuː/	m.	Gentoo	2	जेंटू		NA				religion	religion	practices, beliefs and rituals	masc ū-stem	जेंटू	जेंटू	जेंटू	जेंटू	जेंटुओं	जेंटुओ	fita		pt 
		गोदाम	godām	gudão	pt gudão (Source: Dalgado) | bn গুদাম ‘godown, warehouse' (Source McGregor) | en godown (Source: Dasa) .	گودام	noun		m.	storage, godown	11830	गोदाम		gudão	gudão (Source: Dalgado); Bengali gudām https://en.wiktionary.org/wiki/%E0%A6%97%E0%A7%81%E0%A6%A6%E0%A6%BE%E0%A6%AE#Bengali (Source: Wiktionary, McGregor)	gudão (Source: Dalgado); Bengali gudām  (Source: Wiktionary, McGregor)	Bengali gudām https://en.wiktionary.org/wiki/%E0%A6%97%E0%A7%81%E0%A6%A6%E0%A6%BE%E0%A6%AE#Bengali (Source: Wiktionary, McGregor)											forma		pt gudão (Source: Dalgado) | pt gudão ‘godown' (Source: Wiktionary) >  bn গুদাম ‘godown, warehouse' (Source McGregor) | en godown (Source: Dasa).
<0.01	ओलंदेज	ओलंदेज़	olandez	holandês	pt holandês (Source: Wiktionary) | fr hollandais (Dasa) .	ولندیز	noun	(Delhi Hindi) IPA(key): /oː.lən.d̪eːz/, [oː.lɐ̃n̪.d̪eːz], /oː.lən.d̪eːd͡ʒ/, [oː.lɐ̃n̪.d̪eːd͡ʒ]	m. or f.	(dated) Dutchman; citizen of Holland 	1	ओलंदेज़		NA				geography	geography	nationalities and ethnic groups								gentio		pt holandês (Source: Wiktionary) .
0.68		गिरजा	girajā	igreja	pt igreja (Source: Dalgado, Dasa) .	⁧گِرْجا⁩	noun	(Delhi Hindi) IPA(key): /ɡɪɾ.d͡ʒɑː/, [ɡɪɾ.d͡ʒäː]	m.	church & chapel	609	गिरजा		igreja	igreja (Source: Dalgado)	igreja (Source: Dalgado)		religion	religion	religious buildings	masc ā-stem	गिरजा	गिरजे	गिरजे	गिरजे	गिरजों	गिरजो	holandês		pt igreja (Source: Dalgado, Dasa) .
2.58	अँगरेज	अँग्रेज़	am̐grēz	inglês	pt inglês (Source: Dalgado, Dasa, McGregor, Platts) .	انگریز	noun	(Delhi Hindi) IPA(key): /əŋ.ɡɾeːz/, [ɐ̃ŋ.ɡɾeːz], /əŋ.ɡɾeːd͡ʒ/, [ɐ̃ŋ.ɡɾeːd͡ʒ]	m. or f.	English person (Englishman or Englishwoman)	2,327	अँग्रेज़		inglês	inglês (Source: Dalgado)	inglês (Source: Dalgado)		geography	geography	nationalities and ethnic groups								hospital		pt inglês (Source: Dalgado, Dasa, McGregor) .
		अंग्रेज़	aṅgrez	inglês	pt inglês (Source: Dalgado, McGregor) .	انگریز	noun	(Delhi Hindi) IPA(key): /əŋ.ɡɾeːz/, [ɐ̃ŋ.ɡɾeːz], /əŋ.ɡɾeːd͡ʒ/, [ɐ̃ŋ.ɡɾeːd͡ʒ]	m. or f.	English person (Englishman or Englishwoman)	7315	अंग्रेज़		inglês	inglês (Source: Dalgado)	inglês (Source: Dalgado)		geography	geography	nationalities and ethnic groups								igreja		pt inglês (Source: Dalgado, McGregor) .
		जंगला	jaṅglā	janela	pt janela (Source: Dasa) | जाङ्गल+कः (Source: Platts) .	جَن٘گْلا⁩	noun	(Delhi Hindi) IPA(key): /d͡ʒəŋ.ɡlɑː/, [d͡ʒɐ̃ŋ.ɡläː]	m.	fencing, railing & grille-fitted window	N	जंगला		janela	janela (Source: Dalgado)	janela (Source: Dalgado)		architecture	architecture	medical institutions	masc ā-stem	जंगला	जंगले	जंगले	जंगले	जंगलों	जंगलो	inglês		pt janela (Source: Dalgado, Dasa) .
		जुआ	juā	jogar	pt jogar (Source: Dalgado) |  sa द्यूत ‘gambling, game of dice' (Source: Dasa) |  sa द्यूत+कः (Source: Platts) .	جوا	noun	(Delhi) IPA(key): /d͡ʒʊ.ɑː/, [d͡ʒʊ.äː]	m.	gambling		जुआ		jogar	jogar (Source: Dalgado);  Sanskrit द्यूत https://en.wiktionary.org/wiki/%E0%A4%A6%E0%A5%8D%E0%A4%AF%E0%A5%82%E0%A4%A4#Sanskrit (Source: Wiktionary)	jogar (Source: Dalgado);  Sanskrit द्यूत  (Source: Wiktionary)	 Sanskrit द्यूत https://en.wiktionary.org/wiki/%E0%A4%A6%E0%A5%8D%E0%A4%AF%E0%A5%82%E0%A4%A4#Sanskrit (Source: Wiktionary)	architecture	architecture	building components								jalapa		pt jogar (Source: Dalgado) |  sa द्यूत ‘gambling, game of dice' (Source: Dasa) .
		जुआरी	juārī	jogar	pt jogar (Source: Dalgado) |  sa द्यूत ‘gambling, game of dice' (Source: Dasa) | sa द्यूत+कारी(इन्)+कः (Source: Platts) .	جواری	noun	(Delhi) IPA(key): /d͡ʒʊ.ɑː.ɾiː/, [d͡ʒʊ.äː.ɾiː]	m.	gambler		जुआरी		jogar	jogar (Source: Dalgado);  Sanskrit द्यूत https://en.wiktionary.org/wiki/%E0%A4%A6%E0%A5%8D%E0%A4%AF%E0%A5%82%E0%A4%A4#Sanskrit (Source: Wiktionary)	jogar (Source: Dalgado);  Sanskrit द्यूत  (Source: Wiktionary)	 Sanskrit द्यूत https://en.wiktionary.org/wiki/%E0%A4%A6%E0%A5%8D%E0%A4%AF%E0%A5%82%E0%A4%A4#Sanskrit (Source: Wiktionary)	architecture	architecture	building components								janela		pt jogar (Source: Dalgado) |  sa द्यूत ‘gambling, game of dice' (Source: Dasa) .
		लैंप	laimp	lampada	pt lampada (Source: Dalgado) | en lamp (Source: Dalgado, Dasa) .	لیمپ	noun		m.	lamp	3339	लैंप		lampada	lampada (Source: Dalgado); English lamp (Source: Dalgado)	lampada (Source: Dalgado); English lamp (Source: Dalgado)	English lamp (Source: Dalgado)											jogar		pt lampada (Source: Dalgado) | en lamp (Source: Dalgado, Dasa) .
3.34		नीलाम	nīlām	leilão	pt leilão (Source: Dalgado, Dasa) .	 ⁧نیلام⁩	noun	(Delhi Hindi) IPA(key): /niː.lɑːm/, [niː.lä̃ːm]	m 	auction (a public event where goods are sold through bidding)	3,011	नीलाम		leilão	leilão (Source: Dalgado)	leilão (Source: Dalgado)		commerce_and_business	commerce_and_business	financial transactions	masc cons-stem	नीलाम	नीलाम	नीलाम	नीलाम	नीलामों	नीलामो	jogar		pt leilão (Source: Dalgado, Dasa) .
		लंगूचा	languchā	linguiça	sa लिङ्ग+उच्चयः (Source: Platts) .		noun		m.	a sausage	2	लंगूचा		linguiça	linguiça (Source: Dalgado); Sanskrit लिङ्ग+उच्चयः (Source: Platts)	linguiça (Source: Dalgado); Sanskrit लिङ्ग+उच्चयः (Source: Platts)	Sanskrit लिङ्ग+उच्चयः (Source: Platts)											lampada		pt linguiça (Source: Dalgado) | sa लिङ्ग+उच्चयः (Source: Platts) .
		मरमर	marmar	mármore	pt mármore (Source: Dalgado) | grc > fa مرمر (Source: McGregor) | ur (Source: Dasa).	مرمر	noun	(Delhi) IPA(key): /məɾ.məɾ/, [mɐɾ.mɐɾ]	m.	marble	53	मरमर		mármore	mármore (Source: Dalgado); Persian مرمر https://en.wiktionary.org/wiki/%D9%85%D8%B1%D9%85%D8%B1#Persian (Source: Wiktionary, McGregor)	mármore (Source: Dalgado); Persian مرمر  (Source: Wiktionary, McGregor)	Persian مرمر https://en.wiktionary.org/wiki/%D9%85%D8%B1%D9%85%D8%B1#Persian (Source: Wiktionary, McGregor)	materials	materials	stone types								leilão		pt mármore (Source: Dalgado) | grc > fa مرمر (Source: McGregor) | ur (Source: Dasa).
<0.01		मारतौल	mārataula	martelo	pt martelo (Source: Dalgado, Dasa, McGregor, Platts) .	مارتول	noun	(Delhi Hindi) IPA(key): /mɑːɾ.t̪ɔːl/, [mäːɾ.t̪ɔːl]		a heavy hammer, hammer 	2	मारतौल		martelo	martelo (Source: Dalgado)	martelo (Source: Dalgado)		objects	objects	tools	masc cons-stem	मारतौल	मारतौल	मारतौल	मारतौल	मारतौलों	मारतौलो	linguiça		pt martelo (Source: Dalgado, Dasa, McGregor) .
0.24		मस्तूल	mastūla	mastro	pt mastro (Source: Dasa) .	مستول	noun	(Delhi) IPA(key): /məs.t̪uːl/, [mɐs.t̪uːl]	m.	mast	219	मस्तूल		mastro	mastro (Source: Dalgado)	mastro (Source: Dalgado)		nautics	nautics	nautical tools, components and materials								mármore		pt mastro (Source: Dalgado, Dasa) .
		मास-कबार	mās-kabār	mês	pt mês (Source: Dalgado) .	ماس کَبار	noun		m.	last day of a month, monthly statement	0	मार्तोल		mês	mês (Source: Dalgado)	mês (Source: Dalgado)												martelo		pt mês (Source: Dalgado) .
		मेज़	mez	mesa	pt mesa (Source: Dalgado, Dasa) | fa میز (Source: Dasa, McGregor) .	میز	noun	(Delhi) IPA(key): /meːz/, /meːd͡ʒ/	f.	table	2319	मेज़		mesa	mesa (Source: Dalgado); Persian میز https://en.wiktionary.org/wiki/%D9%85%DB%8C%D8%B2#Persian (Source: Wiktionary, McGregor)	mesa (Source: Dalgado); Persian میز  (Source: Wiktionary, McGregor)	Persian میز https://en.wiktionary.org/wiki/%D9%85%DB%8C%D8%B2#Persian (Source: Wiktionary, McGregor)	furniture	furniture	pieces of furniture								mastro		pt mesa (Source: Dalgado, Dasa) | fa میز (Source: Dasa, McGregor) .
		मस्तीसा	mastīsā	mestiço	pt mestiço (Source: Dalgado) .	مَستِیسا	noun		m. or f.	half-caste	0	मस्तीसा		mestiço	mestiço (Source: Dalgado)	mestiço (Source: Dalgado)												mês		pt mestiço (Source: Dalgado) .
		मिस्तरी	mistarī	mestre	pt mestre (Source: McGregor) .	مستری	noun			skilled tradesman	0	मास-कबार		mestre	mestre (Source: Dalgado)	mestre (Source: Dalgado)		education	education	leadership and authority								mesa		pt mestre (Source: Dalgado, McGregor) .
		मिस्त्री	mistrī	mestre	pt mestre (Source: McGregor) .	 ⁧مِسْتْری⁩	noun	(Delhi Hindi) IPA(key): /mɪs.t̪ɾiː/	m.	mechanic & artisan, craftsman	N	मिस्त्री		mestre	mestre (Source: Dalgado)	mestre (Source: Dalgado)		education	education	leadership and authority	masc ī-stem	मिस्त्री	मिस्त्री	मिस्त्री	मिस्त्री	मिस्त्रियों	मिस्त्रियो	mestre		pt mestre (Source: Dalgado, McGregor) .
		मिस्त्री	mistarī	mestre	pt mestre (Source: McGregor) .	مستری	noun	(Delhi) IPA(key): /mɪs.t̪ɾiː/	m.	skilled tradesman	54	मिस्तरी		mestre	mestre (Source: Dalgado)	mestre (Source: Dalgado)		education	education	leadership and authority								mestiço		pt mestre (Source: Dalgado, McGregor) .
		मुसंबी	musambī	Moçambique	pt Moçambique (Source: Dasa)	 	noun		f.	mousambi				NA																pt Moçambique (Source: Dasa)
20.58		अक्तूबर	aktūbara	outubro	pt outubro (Source: Wiktionary) | en October (Source: McGregor) .	اَکْتُوبَر⁩	noun	(Delhi Hindi) IPA(key): /ək.t̪uː.bəɾ/, [ɐk.t̪uː.bɐɾ]	m.	October	18,552	अक्तूबर		NA	outubro (Source: Wiktionary);  English October (Source: McGregor)	outubro (Source: Wiktionary);  English October (Source: McGregor)	 English October (Source: McGregor)	calendar	calendar	month								mestre		ine-pro *h₃(e)ḱtéh₃ ‘eight’, *h₃ḱt(e)h₃-uó- ‘eighth’ > itc-pro *oktō ‘eight’, *oktāwo- ‘eighth’ (Source: de Vaan) > la octō + -ber ‘pertaining the eigth (month)’ [analogy with la september ‘september’] (Source: Ernout-Meillet) > pt outubro (Source: Wiktionary) | en October (Source: McGregor) .
5.53		पादरी	pādarī	padre	pt padre (Source: Dalgado, Dasa) .	پادْری⁩	noun	(Delhi Hindi) IPA(key): /pɑːd̪.ɾiː/, [päːd̪.ɾiː]	m.	Christian priest or minister; chaplain.	4980	पादरी		padre	padre (Source: Dalgado)	padre (Source: Dalgado)		religion	religion	practices, beliefs and rituals	masc ī-stem	पादरी	पादरी	पादरी	पादरी	पादरियों	पादरियो	mestre		pt padre (Source: Dalgado, Dasa) .
		पाव-रोटी	pāv-rotī	pão	pt pão + hi रोटी  (Source: Dalgado, Dasa) | sa पद् (Source: McGregor, Platts) .		noun		f.	loaf of bread	94	पाव-रोटी		pão	pão (Source: Dalgado); Sanskrit पद् https://en.wiktionary.org/wiki/%E0%A4%AA%E0%A4%A6%E0%A5%8D#Sanskrit (Source:McGregor)	pão (Source: Dalgado); Sanskrit पद्  (Source:McGregor)	Sanskrit पद् https://en.wiktionary.org/wiki/%E0%A4%AA%E0%A4%A6%E0%A5%8D#Sanskrit (Source:McGregor)	culinary	culinary	food / baked goods								outubro		pt pão + hi रोटी  (Source: Dalgado, Dasa) | sa पद् (Source:McGregor) .
		पपीता	papītā	papaia	pt papaia (Source: Dalgado)  .	پپیتا	noun		m.	papaya	8222	पपीता		papaia	papaia (Source: Dalgado); 	papaia (Source: Dalgado); 		botany	botany	fruits								padre		pt papaia (Source: Dalgado)  .
		पीरू	pīrū	peru	fa پِیل مُرْغ (Source: Dasa) .	پیرو	noun	(Delhi) IPA(key): /piː.ɾuː/	m.	turkey	N	पीरू		peru	peru (Source: Dalgado); Persian  پِیل مُرْغ (Source:Dasa)	peru (Source: Dalgado); Persian  پِیل مُرْغ (Source:Dasa)	Persian  پِیل مُرْغ (Source:Dasa)											pão		pt peru (Source: Dalgado) | fa  پِیل مُرْغ (Source:Dasa) .
?0.93		पीपा	pīpā	pipa	pt pipa (Source: Dalgado, McGregor) | ? (Source: Dasa) .	پیپا	noun	(Delhi Hindi) IPA(key): /piː.pɑː/, [piː.päː]	m.	cylinder, barrel, cask	?834	पीपा		pipa	pipa (Source: Dalgado)	pipa (Source: Dalgado)				containers	masc ā-stem	पीपा	पीपे	पीपे	पीपे	पीपों	पीपो	papaia		pt pipa (Source: Dalgado, McGregor) | ? (Source: Dasa) .
		पिरिच	piric	pires	pt pires (Source: Dalgado) | en press (Source: McGregor) .	پرچ	noun	(Delhi) IPA(key): /pɪ.ɾɪt͡ʃ/	m.	saucer  & a flat surface (as used in pressing out indigo)	0	पिरिच		pires	pires (Source: Dalgado); English press (Source: Wiktionary, McGregor)	pires (Source: Dalgado); English press (Source: Wiktionary, McGregor)	English press (Source: Wiktionary, McGregor)	household	household	tableware								peru		pt pires (Source: Dalgado) | en press (Source: McGregor) .
6.07		पिस्तौल	pistaula	pistola	pt pistola (Source: Dalgado, McGregor) | en pistol (Source: Dalgado, Dasa) .	پسطول	noun	(Delhi Hindi) IPA(key): /pɪs.t̪ɔːl/	f.	pistol, gun	5,470	पिस्तौल		pistola	pistola (Source: Dalgado); English pistol (Source: Dalgado)	pistola (Source: Dalgado); English pistol (Source: Dalgado)	English pistol (Source: Dalgado)	military	military	weapons, explosives, devices	fem cons-stem	पिस्तौल	पिस्तौल	पिस्तौल	पिस्तौलें	पिस्तौलों	पिस्तौलो	pipa		pt pistola (Source: Dalgado, McGregor) | en pistol (Source: Dalgado, Dasa) .
		पुलिस	pulis	polícia	en police (Source: Dasa, McGregor) .	پولس	noun	(Delhi) IPA(key): /pʊ.lɪs/	f.	the police		पुलिस		? polícia	? polícia (Source: Dalgado); English police (Source: D, McGregor)	? polícia (Source: Dalgado); English police (Source: D, McGregor)	English police (Source: D, McGregor)											pires		pt ? polícia (Source: Dalgado) | en police (Source: Dalgado, Dasa, McGregor) .
0.34		बंबा	bambā	pompa	pt pompa (Source: McGregor) | ar (Source: Dasa) | fa (Source: Dasa) .	بمبہ⁩	noun	(Delhi Hindi) IPA(key): /bəm.bɑː/, [bɐ̃m.bäː]	m.	pump; water pump & channel, narrow river, creek	304	बंबा		NA							masc ā-stem	बंबा	बंबे	बंबे	बंबे	बंबों	बंबो	pistola		pt pompa .
		परात	parāt	prato	pt prato (Source: Dalgado) | sa पात्र (Source: Dasa) .	پرات	noun	(Delhi) IPA(key): /pə.ɾɑːt̪/, [pɐ.ɾäːt̪]	f.	receipt	400	परात		prato	prato (Source: Dalgado); Sanskrit पात्र (Source: Dasa) https://dsal.uchicago.edu/cgi-bin/app/dasa-hindi_query.py?qs=%E0%A4%AA%E0%A4%B0%E0%A4%BE%E0%A4%A4&searchhws=yes&matchtype=exact)	prato (Source: Dalgado); Sanskrit पात्र (Source: Dasa) 	Sanskrit पात्र (Source: Dasa) https://dsal.uchicago.edu/cgi-bin/app/dasa-hindi_query.py?qs=%E0%A4%AA%E0%A4%B0%E0%A4%BE%E0%A4%A4&searchhws=yes&matchtype=exact)		tableware									polícia		pt prato (Source: Dalgado) | sa पात्र (Source: Dasa) .
		करूबीम		querubim	pt querubim (Source: Dalgado) .	کَرُوبِیم	noun			cherubim	0	करूबीम		querubim	querubim (Source: Dalgado)	querubim (Source: Dalgado)												prato		pt querubim (Source: Dalgado) .
		रसीद	rasīd	recibo	pt recibo (Source: Dalgado) | fa رسید (Source: Dasa, McGregor) | en receipt (Dasa) .	رسید	noun	(Delhi) IPA(key): /ɾə.siːd̪/, [ɾɐ.siːd̪]	f.	receipt	5471	रसीद		recibo	recibo (Source: Dalgado); Persian رسید (Source: McGregor)	recibo (Source: Dalgado); Persian رسید (Source: McGregor)	Persian رسید (Source: McGregor)		commerce_and_business	financial transactions								prego		pt recibo (Source: Dalgado) | fa رسید (Source: Dasa, McGregor) | en receipt (Dasa) .
		साबुन	sābun	sabão	pt sabão (Source: Dalgado) | ar صَابُون (Source: Dasa, McGregor) |  ar صَابُون > fa صابون (Source: Wiktionary) .	صابن	noun	(Delhi) IPA(key): /sɑː.bʊn/, [säː.bʊ̃n]	m.	soap	11540	साबुन		sabão	sabão (Source: Dalgado); A. ṣābun (Source: McGregor); Persian صابون (Source: Wiktionary)	sabão (Source: Dalgado); A. ṣābun (Source: McGregor); Persian صابون (Source: Wiktionary)	A. ṣābun (Source: McGregor); Persian صابون (Source: Wiktionary)	cleaningAndHygiene	cleaning and hygiene									querubim		pt sabão (Source: Dalgado) | ine-pro *seyb- > gem-pro *saipǭ [borrowing] > la sāpō [borrowing] > grc σάπων [borrowing] > syc ܨܲܦ݁ܘܿܢܵܐ (Source:Wiktionary)  [borrowing] > ar صَابُون (Source: Dasa, McGregor) |  ar صَابُون > fa صابون (Source: Wiktionary) .
		सागू	sāgū	sagu	pt ? sagu (Source: Dalgado) | id sagu (Source: McGregor) | en sago (Source: Dasa) .	ساگو	noun	(Delhi) IPA(key): /sɑː.ɡuː/, [säː.ɡuː]	m.	sago	32	सागू		? sagu	? sagu (Source: Dalgado); Indonesian sagu (Source: McGregor)	? sagu (Source: Dalgado); Indonesian sagu (Source: McGregor)	Indonesian sagu (Source: McGregor)											recibo		pt ? sagu (Source: Dalgado) | id sagu (Source: McGregor) | en sago (Source: Dasa) .
		साया	sāyā	saia	pt saia (Source: Dalgado, McGregor) | en chemise (Source: Dasa) .	سایہ⁩	noun	(Delhi Hindi) IPA(key): /sɑː.jɑː/, [säː.jäː]	m.	petticoat	9045	साया		saia	saia (Source: Dalgado)	saia (Source: Dalgado)		clothing	clothing	clothing items	masc ā-stem	साया	साए, साये	साए, साये	साए, साये	सायों	सायो	sabão		pt saia (Source: Dalgado, McGregor) | en chemise (Source: Dasa) .
		सलाद	salād	salada	fr salade (Source: McGregor) | ar > en salad (Source: Dasa) .		noun		m.	salad	9076	सलाद		salada	salada (Source: Dalgado); French salade (Source: McGregor)	salada (Source: Dalgado); French salade (Source: McGregor)	French salade (Source: McGregor)											sagu		pt salada (Source: Dalgado) | fr salade (Source: McGregor) | ar > en salad (Source: Dasa) .
?0.33		सालसा	sālasā	salsaparrilha	pt salsaparrilha (Source: McGregor) | en (Source: Dasa)		noun	(Delhi Hindi) IPA(key): /sɑːl.sɑː/, [säːl.säː]	m.	Indian sarsparilla	 ?297	सालसा		NA				botany	botany	plants								saia		pt salsaparrilha (Source: McGregor) | en (Source: Dasa)
		चपात	chapat	sapato	pt sapato (Source: Platts) .	چپات	noun		f.	 A shoe of the European fashion (having a heel-piece, in contradistinction to the Persian shoe).																				pt sapato (Source: Platts) .
142.28		सितंबर	sitambara	setembro	pt setembro (Source: McGregor) | en September (Source: Dasa, McGregor) .	ستمبر	noun		m.	September	128,243	सितंबर		NA	setembro (Source: Wiktionary); English September (Source: McGregor)	setembro (Source: Wiktionary); English September (Source: McGregor)	English September (Source: McGregor)	calendar	calendar	month								salada		pt setembro (Source: McGregor) | en September (Source: Dasa, McGregor) .
		शर्ती	śart	sorte	ar شَرْط (Source: Dasa) .	شرط	noun	(Delhi) IPA(key): /ʃəɾt̪/, [ʃɐɾt̪]	f.	condition, requirement & wager, bet 	11	शर्ती		sorte	sorte (Source: Dalgado); Arabic شَرْط (Source: Wiktionary)	sorte (Source: Dalgado); Arabic شَرْط (Source: Wiktionary)	Arabic شَرْط (Source: Wiktionary)											salsaparrilha		pt sorte (Source: Dalgado) | ar شَرْط (Source: Dasa) .
		तंबाकू	tambākū	tabaco	pt tabaco (Source: Dalgado) | fa تنباکو (Source: McGregor) | en tobacco (Source: Dasa) .	تنباکو 	noun	(Delhi) IPA(key): /t̪əm.bɑː.kuː/, [t̪ɐ̃m.bäː.kuː]	m.	tobacco	12641	तंबाकू		tabaco	tabaco (Source: Dalgado); Persian تنباکو (Source: Wiktionary)	tabaco (Source: Dalgado); Persian تنباکو (Source: Wiktionary)	Persian تنباکو (Source: Wiktionary)											setembro		pt tabaco (Source: Dalgado) | pt tabaco (Source:Wiktionary) > fa تنباکو (Source: McGregor) | en tobacco (Source: Dasa) .
		तंबूरा	tānpūrā	tambor	fa تنبور ‘tanbur' (Source:  Dasa, McGregor) .	تنپورا	noun	(Delhi) IPA(key): /t̪ɑːn.puː.ɾɑː/, [t̪ä̃ːn.puː.ɾäː]	m.	tanpura	138	तंबूरा		tambor	tambor (Source: Dalgado); Persian tambūra (Source: McGregor)	tambor (Source: Dalgado); Persian tambūra (Source: McGregor)	Persian tambūra (Source: McGregor)											sorte		pt tambor (Source: Dalgado) | pal tmbwl, tnbwl (Source: Wiktionary) > fa تنبور ‘tanbur' (Source:  Dasa, McGregor) .
3,33		तौलिया	tauliyā	toalha	pt toalha (Source: Dalgado) | en towel (Source: Dasa, McGregor, Platts) .	تَولِیَہ⁩	noun	(Delhi Hindi) IPA(key): /t̪ɔː.lɪ.jɑː/, [t̪ɔː.li.jäː]	m.	towel	3,006	तौलिया		toalha	toalha (Source: Dalgado); English towel (Source: McGregor)	toalha (Source: Dalgado); English towel (Source: McGregor)	English towel (Source: McGregor)	household	household	textiles	masc ā-stem	तौलिया	तौलिए, तौलिये	तौलिए, तौलिये	तौलिए, तौलिये	तौलियों	तौलियो	tabaco		pt toalha (Source: Dalgado) | en towel (Source: Dasa, McGregor) .
		तुरंज	turanj	toronja	fa turanj (Source: Dasa, McGregor) .	ترنج	noun		m.	a kind of citron	7	तुरंज		toronja	toronja (Source: Dalgado); Persian turanj (Source: McGregor)	toronja (Source: Dalgado); Persian turanj (Source: McGregor)	Persian turanj (Source: McGregor)											tambor		pt toronja (Source: Dalgado) | fa turanj (Source: Dasa, McGregor) .
		तूफ़ान	tūfān	tufão	ar طوفان (Source: Platts) .	طوفان	noun	(Delhi) IPA(key): /t̪uː.fɑːn/, [t̪uː.fä̃ːn], /t̪uː.pʰɑːn/, [t̪uː.pʰä̃ːn]	m.	storm, tempest & hurricane	3572	तूफ़ान		? tufão	? tufão (Source: Dalgado); Persian طوفان (Source: Wiktionary, McGregor)	? tufão (Source: Dalgado); Persian طوفان (Source: Wiktionary, McGregor)	Persian طوفان (Source: Wiktionary, McGregor)											toalha		pt ? tufão (Source: Dalgado) | ar طوفان (Source: Platts) .
5.03		बरामदा	barāmadā	varanda	pt varanda (Source: Dalgado, McGregor) | fa bar āmada ‘come forth' (Source: Dasa, McGregor) .	برامدا	noun	(Delhi Hindi) IPA(key): /bə.ɾɑːm.d̪ɑː/, [bɐ.ɾä̃ːm.d̪äː]	m.	verandah	4,533	बरामदा		varanda	varanda (Source: Dalgado); Persian bar āmada 'come forth' (Source: McGregor)	varanda (Source: Dalgado); Persian bar āmada 'come forth' (Source: McGregor)	Persian bar āmada 'come forth' (Source: McGregor)	architecture	architecture		masc ā-stem	बरामदा	बरामदे	बरामदे	बरामदे	बरामदों	बरामदो	toronja		pt varanda (Source: Dalgado, McGregor) | fa bar āmada ‘come forth' (Source: Dasa, McGregor) .
		वरमेल्हो	varmelho	vermelho	pt vermelho (Source: Dasa) .		noun		m.	Malay red sandalwood				NA																pt vermelho (Source: Dasa) .
		बरमा	barmā	verruma	pt verruma (Source: Dalgado) .	برما	noun	(Delhi) IPA(key): /bəɾ.mɑː/, [bɐɾ.mäː]	m.	(tool) drill, borer	131	बरमा		verruma	verruma (Source: Dalgado)	verruma (Source: Dalgado)												tufão		pt verruma (Source: Dalgado) .
	आत	अता	atā	ata	pt ata (Source: Dalgado) | sa आ+तृप्य (Source: Platts) . 	اتا	noun		m.	Custard-apple (Anona squamosa), synonymous with सरीफ़ा, सीताफल .																				
		बिलिंबी	bilimbī	bilimbim	ms belimbing (Source: Dasa) .	بلمبی	noun		f.	the fruit of Averrhoa bilimbi		बिलिंबी																		
	बुवयाम	बोयाम	boyam	boião			noun		m.	pot, generally of clay or porcelain		बोयाम																		
		करधनी	kardhani	cordão	sa ? कटि + आधानी 'waist + ornament' (Source: Dasa) | sa कटि+धारणीयं (Source: Platts) .	کردهني	noun		f.	cord of several strands of thread worn around the waist		करधनी																		