Etymon pt-PT	hiTenTen21 Relative (1)	Headword	Variant	Etymology Full (Work here)	Transliteration	Urdu 	Part of Speech	Pronunciation	Gender	Definition	hiTenTen21 Absolute (1)	Headword (Hi)	Etymon pt-PT New Spelling	DALGADO Pt-Lemma	Etymology	Etymology Free	Alternative Etymology (1)	Domain	ODomain	Lexical field	Grammar	direct singular	oblique singular	vocative singular	direct plural	oblique plural	vocative plural	Etymon pt-PT_1	
acalmaria		करमरिया		pt acalmaria (Source: Dasa)	karamriyā		noun	(Standard Hindi) IPA(key): /kə.ɾəm.ɾɪ.jɑː/, [kɐ.ɾɐ̃m.ɾi.jäː]	m.	(sailing) calming of the water waves due to decrease in winds				NA															
achar	8	अचार		pt achar (Source: Dalgado, Dasa, McGregor) .	achār	اچار	noun	(Delhi) IPA(key): /ə.t͡ʃɑːɾ/, [ɐ.t͡ʃäːɾ]	m.	achar (a spicy and salty pickle of Indian cuisine)	2,541	अचार		achar	achar (Source: Dalgado)	achar (Source: Dalgado)	 آچار Persian https://en.wiktionary.org/wiki/%D8%A2%DA%86%D8%A7%D8%B1#Persian (source: Wiktionary) 	culinary	culinary	food / preserves		अचार	अचार	अचार	अचार	अचारों	अचारो	achar	
agosto	97.61	अगस्त		pt agosto (Source:  McGregor) | en August (Source: McGregor, Platts).	agasta	اگست	noun	(Delhi Hindi) IPA(key): /ə.ɡəst̪/, [ɐ.ɡɐst̪]	m.	August	87,980	अगस्त		NA		agosto (Source:  W)	English August (Source: McGregor)	calendar	calendar	month	masc cons-stem	अगस्त	अगस्त	अगस्त	अगस्त	अगस्तों	अगस्तो	agosto	
aia	N	आया		pt aia (Source: Dalgado, Dasa, McGregor, Platts) .	āyā	آیا‎	noun	(Delhi Hindi) IPA(key): /ɑː.jɑː/, [äː.jäː]	f.	ayah: nurse maid, nurse	N	आया		aia	aia (Source: Dalgado)			occupations	occupations	domestic service / childcare	fem ā-stem	आया	आया	आया	आयाएँ	आयाओं	आयाओ	aia	
alfinete	0.03	आलपीन		pt alfinete (Source: Dalgado, Dasa, McGregor) | en ? pin (Source: McGregor) .	ālapīn 	آلپ 	noun	(Delhi Hindi) IPA(key): /ɑːl.piːn/, [äːl.pĩːn]	f.	safety pin & a pin	28	आलपीन		alfinete	alfinete (Source: Dalgado)			sewing	sewing	accessories	fem cons-stem	आलपीन	आलपीन	आलपीन	आलपीनें	आलपीनों	आलपीनो	alfinete	
almanaque.		आलमनक		pt almanaque (Source: Dasa)	ālamnak		noun	(Standard Hindi) IPA(key): /ɑː.ləm.nək/, [äː.lɐ̃m.nɐk]		almanac				NA															https://en.wiktionary.org/wiki/%E0%A4%95%E0%A4%B0%E0%A4%AE%E0%A4%B0%E0%A4%BF%E0%A4%AF%E0%A4%BE
ambar		अंबर		pt ambar (Source: Dalgado) | fa عنبر ‘ambergris’ (source:  Wiktionary) | pal ‘ambergris’ mbl (Source: Wiktionary) > ar عَنْبَر (Source: Dalgado, McGregor) .	ambar	عنبر	noun	(Delhi) IPA(key): /əm.bəɾ/, [ɐ̃m.bɐɾ]	m.	ambergris perfume		अंबर	âmbar	ambar	ambar (Source: Dalgado); Persian عنبر https://en.wiktionary.org/wiki/%D8%B9%D9%86%D8%A8%D8%B1#Persian (source:  Wiktionary); Arabic عَنْبَر https://en.wiktionary.org/wiki/%D8%B9%D9%86%D8%A8%D8%B1#Arabic (Source: Dalgado)	ambar (Source: Dalgado); Persian عنبر  (source:  Wiktionary); Arabic عَنْبَر  (Source: Dalgado)	Persian عنبر https://en.wiktionary.org/wiki/%D8%B9%D9%86%D8%A8%D8%B1#Persian (source:  Wiktionary); Arabic عَنْبَر https://en.wiktionary.org/wiki/%D8%B9%D9%86%D8%A8%D8%B1#Arabic (Source: Dalgado)	materials	materials	substances	masc cons-stem	अंबर	अंबर	अंबर	अंबर	अंबरों	अंबरो	ama	
amen		आमीन		pt amen (Source: Dalgado) | ar آمين ‘amen’ (Source: Dalgado, McGregor) .	āmīn	آمین	interjection			amen	1,001	आमीन	amém ou ámen	amen	amen (Source: Dalgado); Arabic آمين https://en.wiktionary.org/wiki/%D8%A2%D9%85%D9%8A%D9%86 (Source: Dalgado)	amen (Source: Dalgado); Arabic آمين  (Source: Dalgado)	Arabic آمين https://en.wiktionary.org/wiki/%D8%A2%D9%85%D9%8A%D9%86 (Source: Dalgado)	religion	religion	practices, beliefs and rituals								ambar	
ananás	2.82	अनन्नास		tpn naná ‘pineapple’ (Source: Wiktionary) > pt ananás ‘pineapple’ (Source: Dalgado, Dasa, McGregor, Platts) .	anannāsa	انناس	noun	(Delhi Hindi) IPA(key): /ə.nən.nɑːs/, [ɐ.nɐ̃n.näːs]	m.	pineapple (fruit)		अनन्नास		ananás	ananás (Source: Dalgado)	ananás (Source: Dalgado)		botany	botany	fruits	masc cons-stem	अनन्नास	अनन्नास	अनन्नास	अनन्नास	अनन्नासों	अनन्नासो	amen	
anis		अनीसून		pt ? anis (Source: Dalgado) | grc ἄνισον ‘anise (Pimpinella anisum)’ (Source: Dalgado) | grc ἄνισον (Source: Wiktionary) >  la anisum ‘anise (Pimpinella anisum)’  (Source: Dalgado) | ur (Source: Dasa).	anīsun	اَنِیسُون	noun		m.	aniseed		अनीसून		? anis	? anis (Source: Dalgado); Greek ἄνισον https://en.wiktionary.org/wiki/%E1%BC%84%CE%BD%CE%B9%CF%83%CE%BF%CE%BD (Source: Dalgado) ; Latin anisum https://en.wiktionary.org/wiki/anisum#Latin (Source: Dalgado)	? anis (Source: Dalgado); Greek ἄνισον  (Source: Dalgado) ; Latin anisum  (Source: Dalgado)	Greek ἄνισον https://en.wiktionary.org/wiki/%E1%BC%84%CE%BD%CE%B9%CF%83%CE%BF%CE%BD (Source: Dalgado) ; Latin anisum https://en.wiktionary.org/wiki/anisum#Latin (Source: Dalgado)											ananás	
armário	4.93	अलमारी		ine-pro *h₂(e)r-mo- ‘fitting’, *h₂er-mn-to- > itc-pro *armo-, *armnto- ‘weapons’ (Source: De Vaan) > la arma + -ārium ‘storage for weapons’ > pt armário [semantic broadening] (Source: Dalgado) .	alamārī	اَلْماری	noun	(Delhi Hindi) IPA(key): /əl.mɑː.ɾiː/, [ɐl.mäː.ɾiː]	f.	cupboard, shelf; almirah	4,445	अलमारी		armário	armário (Source: Dalgado)	armário (Source: Dalgado)		furniture	furniture	pieces of furniture	fem ī-stem	अलमारी	अलमारी	अलमारी	अलमारियाँ	अलमारियों	अलमारियो	anis	
armário		हलमरिया		pt armário (Source: Dasa)	halamriyā		noun	(Standard Hindi) IPA(key): /ɦə.ləm.ɾɪ.jɑː/, [ɦɐ.lɐ̃m.ɾi.jäː]	m.	(sailing) cell below ship's deck				NA				sailing											https://en.wiktionary.org/wiki/%E0%A4%B9%E0%A4%B2%E0%A4%AE%E0%A4%B0%E0%A4%BF%E0%A4%AF%E0%A4%BE
arrátel		रतल		pt arrátel (Source: Dalgado) | ar rat̤l (Source: McGregor) .	ratal	رطل	noun		m.	a pound weight	9	रतल		arrátel	arrátel (Source: Dalgado); Arabic rat̤l (Source: McGregor)	arrátel (Source: Dalgado); Arabic rat̤l (Source: McGregor)	Arabic rat̤l (Source: McGregor)											armário	
bacia ou bacio		बासन		pt bacia, bacio (Source: Dalgado) | sa भाजन ‘(arithmetic) dividing, sharing' & 'a vessel, pot, plate, cup (Source: Dalgado) | sa वासन (Source: Dasa, Platts).	bāsan	باسن	noun	(Delhi) IPA(key): /bɑː.sən/, [bäː.sɐ̃n]	m.	pot; any container 	5613	बासन		bacia ou bacio	bacia ou bacio (Source: Dalgado); Sanskrit भाजन https://kosha.app/word/sa/%E0%A4%AD%E0%A4%BE%E0%A4%9C%E0%A4%A8 (Source: Dalgado)	bacia ou bacio (Source: Dalgado); Sanskrit भाजन  (Source: Dalgado)	Sanskrit भाजन https://kosha.app/word/sa/%E0%A4%AD%E0%A4%BE%E0%A4%9C%E0%A4%A8 (Source: Dalgado)	household	household	tableware								arrátel	
bafo		भाप		pt ? bafo (Source: Dalgado) | sa वाष्प (Source: Dalgado, Dasa) | sa वप्प (Source: Dasa) .	bhāp	بھاپ	noun		m.	steam, water vapour  & vapour, gas	5890	भाप		? bafo	? bafo (Source: Dalgado); Sanksrit वाष्प https://en.wiktionary.org/wiki/%E0%A4%B5%E0%A4%BE%E0%A4%B7%E0%A5%8D%E0%A4%AA#Sanskrit (Source: Dalgado)	? bafo (Source: Dalgado); Sanksrit वाष्प  (Source: Dalgado)	Sanksrit वाष्प https://en.wiktionary.org/wiki/%E0%A4%B5%E0%A4%BE%E0%A4%B7%E0%A5%8D%E0%A4%AA#Sanskrit (Source: Dalgado)	sensoryPerception	sensory perception	smell								ata	
baixel		बजरा		pt ? baixel (Source: Dalgado) | ar بغلة (Source: Dalgado) | .	bajrā	بجرا	noun		m.	A kind of boat commonly used for travelling; a large kind of pleasure-boat (round-bottomed and keel-less, — commonly called 'budgerow').		बजरा		? baixel	? baixel (Source: Dalgado); Arabic بغلة https://en.wiktionary.org/wiki/%D8%A8%D8%BA%D9%84%D8%A9 (Source: Dalgado)	? baixel (Source: Dalgado); Arabic بغلة  (Source: Dalgado)	Arabic بغلة https://en.wiktionary.org/wiki/%D8%A8%D8%BA%D9%84%D8%A9 (Source: Dalgado)											bacia ou bacio	
balde	4.31	बालटी		pt balde (Source: Dalgado, McGregor) | en bucket (Source: Dasa) .	bālaṭī	بالٹی	noun	(Delhi Hindi) IPA(key): /bɑːl.ʈiː/, [bäːl.ʈiː]	f.	bucket, container	3,889	बालटी		balde	balde (Source: Dalgado)	balde (Source: Dalgado)		objects	objects	domestic items	fem ī-stem	बालटी	बालटी	बालटी	बालटियाँ	बालटियों	बालटियो	bafo	
baptismo	1.37	बाप्तिस्मा		pt ? baptismo (Source: Dalgado) | grc > pt baptismo (Source: McGregor) | en baptism (Source: Dalgado) .	bāptismā	بمبہ	noun	(Delhi Hindi) IPA(key): /bɑːp.t̪ɪs.mɑː/, [bäːp.t̪ɪs.mäː]	m. 	(Christianity) baptism	1231	बाप्तिस्मा		? baptismo	? baptismo (Source: Dalgado); English baptism (Source: Dalgado)	? baptismo (Source: Dalgado); English baptism (Source: Dalgado)	English baptism (Source: Dalgado)	religion	religion	practices, beliefs and rituals	masc ā-stem	बाप्तिस्मा	बाप्तिस्मे	बाप्तिस्मे	बाप्तिस्मे	बाप्तिस्मों	बाप्तिस्मो	baixel	
basta		बस		pt basta (Source: Dalgado) | fa بس ‘enough, sufficiently' (Source: Dalgado, Dasa, McGregor) .	bas	بس	adv.			merely, only	281570	बस		basta	basta (Source: Dalgado); Persian بس https://en.wiktionary.org/wiki/%D8%A8%D8%B3#Persian (Source: Dalgado; Wiktionary; McGregor)	basta (Source: Dalgado); Persian بس  (Source: Dalgado; Wiktionary; McGregor)	Persian بس https://en.wiktionary.org/wiki/%D8%A8%D8%B3#Persian (Source: Dalgado; Wiktionary; McGregor)											balde	
beringela		बैंगन		pt beringela (Source: Dalgado) | sa वङ्गन  (Source: Platts) |  fa بادنجان (Source: Soares) | sa वृन्ताक (Source:  Dasa).	baiṅgan	بینگن	noun	(Delhi) IPA(key): /bɛːŋ.ɡən/, [bɛ̃ːŋ.ɡɐ̃n]	m.	eggplant, aubergine, brinjal	4460	बैंगन		beringela	beringela (Source: Dalgado); Prakrit 𑀯𑀸𑀇𑀁𑀕𑀡 https://en.wiktionary.org/wiki/%F0%91%80%AF%F0%91%80%B8%F0%91%80%87%F0%91%80%81%F0%91%80%95%F0%91%80%A1#Prakrit, from Sanskrit वङ्गन https://en.wiktionary.org/wiki/%E0%A4%B5%E0%A4%99%E0%A5%8D%E0%A4%97%E0%A4%A8#Sanskrit (Source: Wiktionary);  Persian بادنجان https://en.wiktionary.org/wiki/%D8%A8%D8%A7%D8%AF%D9%86%D8%AC%D8%A7%D9%86#Persian (Source: Soares,  Wiktionary) 	beringela (Source: Dalgado); Prakrit 𑀯𑀸𑀇𑀁𑀕𑀡  from Sanskrit वङ्गन  (Source: Wiktionary);  Persian بادنجان  (Source: Soares,  Wiktionary) 	Prakrit 𑀯𑀸𑀇𑀁𑀕𑀡 https://en.wiktionary.org/wiki/%F0%91%80%AF%F0%91%80%B8%F0%91%80%87%F0%91%80%81%F0%91%80%95%F0%91%80%A1#Prakrit, from Sanskrit वङ्गन https://en.wiktionary.org/wiki/%E0%A4%B5%E0%A4%99%E0%A5%8D%E0%A4%97%E0%A4%A8#Sanskrit (Source: Wiktionary);  Persian بادنجان https://en.wiktionary.org/wiki/%D8%A8%D8%A7%D8%AF%D9%86%D8%AC%D8%A7%D9%86#Persian (Source: Soares,  Wiktionary) 											baptismo	
biscoito		बिस्कुट		pt biscoito (Source: Dalgado) | en biscuit (Source: Dasa) .	biskuṭ	بسکٹ	noun	(Delhi) IPA(key): /bɪs.kʊʈ/	m.	biscuit, cookie, cracker	4,128	बिस्कुट		biscoito	biscoito (Source: Dalgado); English biscuit (Source: Wiktionary)	biscoito (Source: Dalgado); English biscuit (Source: Wiktionary)	English biscuit (Source: Wiktionary)	culinary	culinary	food / baked goods								basta	
bomba	0.17	बंबा		pt bomba (Source: Dalgado, McGregor) .	bambā	بمبہ	noun	(Delhi) IPA(key): /bəm.bɑː/, [bɐ̃m.bäː]	m.	pump; water pump & channel, narrow river, creek	154	बंबा		bomba	bomba (Source: Dalgado)	bomba (Source: Dalgado)		military	military	weapons, explosives, devices								beringela	
botão		गुदाम		sk (Source: Dasa) | pt botão (Source: Dasa) | en button (Source: Dasa) > hi बुताम (Source: Dasa)	gudam		noun		m.	button				NA															
botão		बटन		pt botão (Source: Dalgado) | en button (Source: Dasa) .	baṭan	بٹن	noun		m.	button (fastener) &  button (presser)	17333	बटन		botão	botão (Source: Dalgado); English button (Source: Dasa)	botão (Source: Dalgado); English button (Source: Dasa)	English button (Source: Dasa)											biscoito	
botelha	24.63	बोतल		pt ? botelha (Source: Dalgado, McGregor) | en bottle (Source: Dalgado, Dasa, McGregor) .	bōtal	بوتَل	noun	IPA(key): [ˈbo(ː)t̪əl̪]	f.	bottle	22,198	बोतल		? botelha	? botelha (Source: Dalgado); English bottle (Source: Dalgado)	? botelha (Source: Dalgado); English bottle (Source: Dalgado)	English bottle (Source: Dalgado)	objects	objects	drinkware	fem cons-stem	बोतल	बोतल	बोतल	बोतलें	बोतलों	बोतलो	bomba	
caju	7.87	काजू		pt ?caju (Source: Platts) | kok काज्जु (Source: Dasa)	kājū	کاجو⁩	noun	(Delhi Hindi) IPA(key): /kɑː.d͡ʒuː/, [käː.d͡ʒuː]	m.	cashew nut	7090	काजू		NA				botany	botany	fruits	masc ū-stem	काजू	काजू	काजू	काजू	काजुओं	काजुओ	botão	
calafate		कलापट्टी		pt calafate (Source: Dalgado, Dasa) | ar (Source: Dalgado) .	kalāpaṭṭī		noun		m. and f.	caulker & act of caulking in ships	0	कलापट्टी		calafate	calafate (Source: Dalgado); Arabic (Source: Dalgado)	calafate (Source: Dalgado); Arabic (Source: Dalgado)	Arabic (Source: Dalgado)	nautics	nautics	nautical tools, components and materials								botelha	
câmara	95.94	कमरा		pt câmara (Source: Dalgado) .	kamarā	کِران٘چی	noun	(Delhi Hindi) IPA(key): /kəm.ɾɑː/, [kɐ̃m.ɾäː]	m.	room	86,477	कमरा		câmara	câmara (Source: Dalgado)	câmara (Source: Dalgado)		architecture	architecture	buildings	masc ā-stem	कमरा	कमरे	कमरे	कमरे	कमरों	कमरो	caju	
camisa		क़मीज़		pt camisa (Source: Dalgado) | ar قميص ‘shirt’ & ‘gown’  (Source: Wiktionary) > fa قمیص (Source: Wiktionary) | lat camisia (Source:Wiktionary) > ar قميص ‘shirt’ & ‘gown’ (Source: Dalgado) .	qamīz	قمیض	noun	(Delhi) IPA(key): /qə.miːz/, [qɐ.miːz], /kə.miːd͡ʒ/, [kɐ.miːd͡ʒ]	f.	shirt	2427	क़मीज़		camisa	camisa (Source: Dalgado); Persian قمیص https://en.wiktionary.org/wiki/%D9%82%D9%85%DB%8C%D8%B5#Persian (Source: Wiktionary); Arabic (Source: Dalgado)	camisa (Source: Dalgado); Persian قمیص  (Source: Wiktionary); Arabic (Source: Dalgado)	Persian قمیص https://en.wiktionary.org/wiki/%D9%82%D9%85%DB%8C%D8%B5#Persian (Source: Wiktionary); Arabic (Source: Dalgado)	clothing	clothing	clothing items								calafate	
campo		कंपू		pt campo (Source: Dalgado) | en camp (Source: McGregor, Platts) .	kampū		noun	(Delhi) IPA(key): /kəm.puː/, [kɐ̃m.puː]	m.	encampment & tent & cantonment & camp 	N	कंपू		campo	campo (Source: Dalgado); English camp (Source: McGregor)	campo (Source: Dalgado); English camp (Source: McGregor)	English camp (Source: McGregor)											câmara	
candil		कंडीलिया		pt candil (Source: Dasa) | hi कंडील 'lamp' (Source: Dasa)	kandilya		noun		m.	lighthouse				NA															
candil		कंदील		pt ? candil (Source: Dalgado) | lat candēla ‘a light made of wax or tallow' > grc κανδήλη ‘oil lamp' > ar قنديل  ‘lamp' (Source: Dalgado, Dasa)  .	kandīl	قندیل	noun		f.	a lantern	421	क़ंदील		? candil	? candil (Source: Dalgado); Arabic قنديل https://en.wiktionary.org/wiki/%D9%82%D9%86%D8%AF%D9%8A%D9%84#Arabic (Source: Dalgado)	? candil (Source: Dalgado); Arabic قنديل  (Source: Dalgado)	Arabic قنديل https://en.wiktionary.org/wiki/%D9%82%D9%86%D8%AF%D9%8A%D9%84#Arabic (Source: Dalgado)	objects	objects	domestic items / lighting								camisa	
capitão		कप्तान		pt capitão (Source: Dalgado) | en Captain (Source: Wiktionary) .	kaptān	کپتان	noun	(Delhi) IPA(key): /kəp.t̪ɑːn/, [kɐp.t̪ä̃ːn]	m.	captain (of a ship)	91962	कप्तान		capitão	capitão (Source: Dalgado); English Captain (Source: Wiktionary)	capitão (Source: Dalgado); English Captain (Source: Wiktionary)	English Captain (Source: Wiktionary)	nautics	nautics	military ranks and titles								campo	
carabina		कारबाइन		pt ? carabina (Source: Dalgado) | fr carabine (Source: Dalgado) | fa qarābīn (Source: McGregor) .	kaṛābīn	کاربائن	noun		f.	a carbine	94	कारबाइन		? carabina	? carabina (Source: Dalgado); French carabine (Source: Dalgado); Persian qarābīn (Source: McGregor)	? carabina (Source: Dalgado); French carabine (Source: Dalgado); Persian qarābīn (Source: McGregor)	French carabine (Source: Dalgado); Persian qarābīn (Source: McGregor)											candil	
carraguem	<0.01	किराँची		pt carraguem (Source: McGregor) | en carriage (Source: Dasa)	kirām̐cī	کِران٘چی	noun	(Delhi Hindi) IPA(key): /kɪ.ɾɑ̃ː.t͡ʃiː/, [kɪ.ɾä̃ː.t͡ʃiː]	f.	a cart used to carry loads, carriage of goods train & bullock cart	0	किराँची		NA	NA (Source: Dalgado); 						fem ī-stem	किराँची	किराँची	किराँची	किराँचियाँ	किराँचियों	किराँचियो	capitão	
cartucho		कारतूस		pt ? cartucho (Source: Dalgado) | pt cartucho (Source: Dasa) | fr cartouche (Source: McGregor) .	kārtūs	کارتوس	noun	(Delhi) IPA(key): /kɑːɾ.t̪uːs/, [käːɾ.t̪uːs]	m.	(firearms) cartridge	6780	कारतूस		? cartucho	? cartucho (Source: Dalgado); French cartouche (Source: McGregor)	? cartucho (Source: Dalgado); French cartouche (Source: McGregor)	French cartouche (Source: McGregor)											carabina	
cartucho		तूसदान		pt cartucho + दान [addition of suffix] (Source: Dasa)	tusadan		noun	(Standard Hindi) IPA(key): /t̪uːs.d̪ɑːn/, [t̪uːs.d̪ä̃ːn]	m.	cartridge				NA															
casa (de botão)		काज		pt casa de botão (Source: Dalgado, Dasa) | sa काचः ‘a loop' (Source: Platts) .	kāj	کاج	noun	(Delhi) IPA(key): /kɑːd͡ʒ/, [käːd͡ʒ]	m.	a buttonhole		काज		casa	casa (Source: Dalgado); Sanskrit काचः 'a loop' (Source: Platts)	casa (Source: Dalgado); Sanskrit काचः 'a loop' (Source: Platts)	Sanskrit काचः 'a loop' (Source: Platts)											carraguem	
católico		कैथोलिक		pt católico (Source: Dalgado) | en Catholic (Source: Dalgado) .	kaitholik	کیتھولک	noun	(Delhi) IPA(key): /kɛː.t̪ʰoː.lɪk/	m. or f.	Catholic, Roman Catholic	4099	कैथोलिक		católico	católico (Source: Dalgado); English Catholic (Source: Dalgado, Wiktionary)	católico (Source: Dalgado); English Catholic (Source: Dalgado, Wiktionary)	English Catholic (Source: Dalgado, Wiktionary)	religion	religion	practices, beliefs and rituals								cartucho	
chá		चाय		pt chá (Source: Dalgado) | fa cāʾe (Source: McGregor) .	cāy	چائے	noun	(Delhi) IPA(key): /t͡ʃɑːj/, [t͡ʃäːj], /t͡ʃɑː.eː/, [t͡ʃäː.eː]	f.	tea (plant, beverage) & cup of tea	64719	चाय		chá	chá (Source: Dalgado); Persian [P. cāʾe] (Source: McGregor)	chá (Source: Dalgado); Persian [P. cāʾe] (Source: McGregor)	Persian [P. cāʾe] (Source: McGregor)	culinary	culinary	drinks								casa	
chapa		छापा		pt ? chapa (Source: Dalgado) | sn चयन (Source: Dasa) .		چھاپہ	noun			a seal, impression, stamp, or brand	N	छापा		? chapa	? chapa (Source: Dalgado)	? chapa (Source: Dalgado)		materials	materials	construction								católico	
chave	7.86	चाबी		pt chave (Source: Dalgado, Dasa) .	cābī	چابی	noun	(Delhi Hindi) IPA(key): /t͡ʃɑː.biː/, [t͡ʃäː.biː]	f.	key 	7,089	चाबी		chave	chave (Source: Dalgado)	chave (Source: Dalgado)		objects	objects	artifact	fem ī-stem	चाबी	चाबी	चाबी	चाबियाँ	चाबियों	चाबियो	chá	
cocheiro		कोचवान		pt cocheiro (Source: Dalgado) | en coachman (Source: Dalgado) | ar (Source: Dasa).	kochvān	کوچبان	noun		m.	a coachman	196	कोचवान		cocheiro	cocheiro (Source: Dalgado); English coachman (Source: Dalgado)	cocheiro (Source: Dalgado); English coachman (Source: Dalgado)	English coachman (Source: Dalgado)											cifra	
coronel		कर्नल		pt coronel (Source: Dalgado) | en colonel (Source: Dasa) .	karnal	کرنل	noun		m.	colonel	11389	कर्नल		coronel	coronel (Source: Dalgado); English colonel (Source: D, Wiktionary)	coronel (Source: Dalgado); English colonel (Source: D, Wiktionary)	English colonel (Source: D, Wiktionary)	military	military	military ranks and titles								coche	
couve	7.8	गोभी		pt couve (Source: Dalgado) | sa गोजीह्विका ‘the uvula' (Source: Wiktionary) .	gobhī	گوبھی	noun	(Delhi Hindi) IPA(key): /ɡoː.bʱiː/	f.	cabbage & cauliflower	6,775	गोभी		couve	couve (Source: Dalgado); Sanksrit गोजीह्विका (Source: Wiktionary)	couve (Source: Dalgado); Sanksrit गोजीह्विका (Source: Wiktionary)	Sanksrit गोजीह्विका (Source: Wiktionary)	food	food	food / vegetables	fem ī-stem	गोभी	गोभी	गोभी	गोभियाँ	गोभियों	गोभियो	cocheiro	
cristão	0.06	क्रिस्तान		pt (Source: Dalgado, McGregor) | en (Source: Dasa)  .	kristāna	کِرسٹان	noun	(Delhi Hindi) IPA(key): /kɾɪs.t̪ɑːn/, [kɾɪs.t̪ä̃ːn]	m. or f.	christian	54	क्रिस्तान		NA	NA (Source: Dalgado); 			religion	religion	practices, beliefs and rituals								coronel	
cruz	0.82	क्रूस		itc-pro *kruk(-i)-? (Source: de Vaan) > la crux 'wooden frame, cross' (Source: de Vaan) > pt cruz (Source: Dalgado, McGregor) | en cross (Source: Dasa) .	krūsa	⁧کْرُوس⁩	noun	(Delhi Hindi) IPA(key): /kɾuːs/	m.	the cross on which Jesus Christ was crucified & crucifix, cross	735	क्रूस		cruz	cruz (Source: Dalgado)	cruz (Source: Dalgado)		religion	religion	practices, beliefs and rituals	masc cons-stem	क्रूस	क्रूस	क्रूस	क्रूस	क्रूसों	क्रूसो	couve	
cunha		कुनिया		pt cunha (Source: Dalgado) .			noun			wedge	24	कुनिया		cunha	cunha (Source: Dalgado)	cunha (Source: Dalgado)												cristão	
da Silva	0.06	डीसिल्वा		pt  da Silva (Source: Dalgado)  .	ḍīsilvā	⁧ڈی سلوا⁩	proper noun	(Delhi Hindi) IPA(key): /ɖiː.sɪl.ʋɑː/, [ɖiː.sɪl.ʋäː]		a surname from Portuguese, equivalent to English D'Silva or Desilva	54	डीसिल्वा		NA	NA (Source: Dalgado); 													cruz	
dezembro	172.66	दिसंबर		pt dezembro (Source: McGregor) | ine-pro *deḱm ‘ten’, *deḱm-to- ‘tenth’ (Source: de Vaan) > itc-pro *dekm ‘ten’, *dekamo- ‘tenth’ > la decem + -ber 'pertaining to the tenth (month)' (Source: Ernout-Meillet) > en December (Source: Dasa, McGregor) .	disambara	دسمبر⁩ 	noun	(Delhi Hindi) IPA(key): /d̪ɪ.səm.bəɾ/, [d̪ɪ.sɐ̃m.bɐɾ]	m.	December	155,631	दिसंबर		NA	English December (Source: McGregor)	English December (Source: McGregor)	English December (Source: McGregor)	calendar	calendar	month	masc cons-stem	दिसंबर	दिसंबर	दिसंबर	दिसंबर	दिसंबरों	दिसंबरो	cunha	
espada	12.07	इस्पात		pt espada (Source: Dalgado, Dasa, McGregor) .	ispāta	اسپات	noun	(Delhi Hindi) IPA(key): /ɪs.pɑːt̪/, [ɪs.päːt̪]	m.	steel	10,882	इस्पात		espada	espada (Source: Dalgado)	espada (Source: Dalgado)				weapons, explosives, devices								da Silva	
espital	279.86	अस्पताल		pt espital (Source: McGregor) | en hospital (Source: Dasa, McGregor) .	aspatāla	اَسْپَتال⁩	noun	(Delhi Hindi) IPA(key): /əs.pə.t̪ɑːl/, [ɐs.pɐ.t̪äːl]	m.	hospital	252,251	अस्पताल		NA	espital (Source: Wiktionary); English hospital (Source: McGregor)	espital (Source: Wiktionary); English hospital (Source: McGregor)	English hospital (Source: McGregor)	healthcare	healthcare	medical institutions	masc cons-stem	अस्पताल	अस्पताल	अस्पताल	अस्पताल	अस्पतालों	अस्पतालो	gudão	
estábulo	0.62	अस्तबल		pt estábulo (Source: McGregor) |  grc > la > ar ist̤abal (Source: McGregor) | ar (Source: Dasa)	astabala	اَصْطَبَل	noun	(Delhi Hindi) IPA(key): /əs.t̪ə.bəl/, [ɐs.t̪ɐ.bɐl]	m.	stable (for a horse)	556	अस्तबल		NA	estábulo  (Source: McGregor); Arabic ist̤abal (Source: McGregor)	estábulo  (Source: McGregor); Arabic ist̤abal (Source: McGregor)	Arabic ist̤abal (Source: McGregor)	animalHusbandry	animalHusbandry	animal housing	masc cons-stem	अस्तबल	अस्तबल	अस्तबल	अस्तबल	अस्तबलों	अस्तबलो	dezembro	
estirar	0.17	इस्तरी		pt estirar (Source: Dalgado, McGregor) .	istarī	استری	noun	(Delhi Hindi) IPA(key): /ɪs.t̪ɾiː/	f.	iron, press	155	इस्तरी		estirar	estirar (Source: Dalgado)	estirar (Source: Dalgado)					fem ī-stem	इस्त्री	इस्त्री	इस्त्री	इस्त्रियाँ	इस्त्रियों	इस्त्रियो	espada	
falto		फ़ालतू		pt falto (Source: Dalgado) .	fāltū	فالتو	adj.	(Delhi) IPA(key): /fɑːl.t̪uː/, [fäːl.t̪uː], /pʰɑːl.t̪uː/, [pʰäːl.t̪uː]		unnecessary, pointless & bad; not nice; of poor quality & useless, irrelevant, good-for-nothing (used for someone)		फ़ालतू		falto	falto (Source: Dalgado)	falto (Source: Dalgado)												estábulo	
fita		फ़ीता	फीता	pt fita (Source: Dalgado, Dasa) .	fītā	 ⁧فیتہ⁩	noun	(Delhi Hindi) IPA(key): /fiː.t̪ɑː/, [fiː.t̪äː], /pʰiː.t̪ɑː/, [pʰiː.t̪äː]	m.	lace; shoelace & tape; tape measure & ribbon	0	फ़ीता		fita	fita (Source: Dalgado)	fita (Source: Dalgado)					masc ā-stem	फ़ीता	फ़ीते	फ़ीते	फ़ीते	फ़ीतों	फ़ीतो	estirar	
forma		फ़र्मा		pt forma (Source: Dalgado) .	formā		noun			in the sense of ‘mould, appearance’		फ़र्मा		forma	forma (Source: Dalgado)	forma (Source: Dalgado)												falto	
gentio	<0.01	जेंटू		pt 	jẽṭū	⁧جینٹو⁩	noun	(Delhi Hindi) IPA(key): /d͡ʒẽː.ʈuː/	m.	Gentoo	2	जेंटू		NA				religion	religion	practices, beliefs and rituals	masc ū-stem	जेंटू	जेंटू	जेंटू	जेंटू	जेंटुओं	जेंटुओ	fita	
gudão		गोदाम		pt gudão (Source: Dalgado) | pt gudão ‘godown' (Source: Wiktionary) >  bn গুদাম ‘godown, warehouse' (Source McGregor) | en godown (Source: Dasa).	godām	گودام	noun		m.	storage, godown	11830	गोदाम		gudão	gudão (Source: Dalgado); Bengali gudām https://en.wiktionary.org/wiki/%E0%A6%97%E0%A7%81%E0%A6%A6%E0%A6%BE%E0%A6%AE#Bengali (Source: Wiktionary, McGregor)	gudão (Source: Dalgado); Bengali gudām  (Source: Wiktionary, McGregor)	Bengali gudām https://en.wiktionary.org/wiki/%E0%A6%97%E0%A7%81%E0%A6%A6%E0%A6%BE%E0%A6%AE#Bengali (Source: Wiktionary, McGregor)											forma	
holandês	<0.01	ओलंदेज़		pt holandês (Source: Wiktionary) .	olandez	ولندیز	noun	(Delhi Hindi) IPA(key): /oː.lən.d̪eːz/, [oː.lɐ̃n̪.d̪eːz], /oː.lən.d̪eːd͡ʒ/, [oː.lɐ̃n̪.d̪eːd͡ʒ]	m. or f.	(dated) Dutchman; citizen of Holland 	1	ओलंदेज़		NA				geography	geography	nationalities and ethnic groups								gentio	
igreja	0.68	गिरजा		pt igreja (Source: Dalgado, Dasa) .	girajā	⁧گِرْجا⁩	noun	(Delhi Hindi) IPA(key): /ɡɪɾ.d͡ʒɑː/, [ɡɪɾ.d͡ʒäː]	m.	church & chapel	609	गिरजा		igreja	igreja (Source: Dalgado)	igreja (Source: Dalgado)		religion	religion	religious buildings	masc ā-stem	गिरजा	गिरजे	गिरजे	गिरजे	गिरजों	गिरजो	holandês	
inglês	2.58	अँग्रेज़	अँगरेज	pt inglês (Source: Dalgado, Dasa, McGregor) .	am̐grēz	انگریز	noun	(Delhi Hindi) IPA(key): /əŋ.ɡɾeːz/, [ɐ̃ŋ.ɡɾeːz], /əŋ.ɡɾeːd͡ʒ/, [ɐ̃ŋ.ɡɾeːd͡ʒ]	m. or f.	English person (Englishman or Englishwoman)	2,327	अँग्रेज़		inglês	inglês (Source: Dalgado)	inglês (Source: Dalgado)		geography	geography	nationalities and ethnic groups								hospital	
inglês		अंग्रेज़		pt inglês (Source: Dalgado, McGregor) .	aṅgrez	انگریز	noun	(Delhi Hindi) IPA(key): /əŋ.ɡɾeːz/, [ɐ̃ŋ.ɡɾeːz], /əŋ.ɡɾeːd͡ʒ/, [ɐ̃ŋ.ɡɾeːd͡ʒ]	m. or f.	English person (Englishman or Englishwoman)	7315	अंग्रेज़		inglês	inglês (Source: Dalgado)	inglês (Source: Dalgado)		geography	geography	nationalities and ethnic groups								igreja	
janela		जंगला		pt janela (Source: Dalgado, Dasa) .	jaṅglā	جَن٘گْلا⁩	noun	(Delhi Hindi) IPA(key): /d͡ʒəŋ.ɡlɑː/, [d͡ʒɐ̃ŋ.ɡläː]	m.	fencing, railing & grille-fitted window	N	जंगला		janela	janela (Source: Dalgado)	janela (Source: Dalgado)		architecture	architecture	medical institutions	masc ā-stem	जंगला	जंगले	जंगले	जंगले	जंगलों	जंगलो	inglês	
jogar		जुआ		pt jogar (Source: Dalgado) |  sa द्यूत ‘gambling, game of dice' (Source: Dasa) .	juā	جوا	noun	(Delhi) IPA(key): /d͡ʒʊ.ɑː/, [d͡ʒʊ.äː]	m.	gambling		जुआ		jogar	jogar (Source: Dalgado);  Sanskrit द्यूत https://en.wiktionary.org/wiki/%E0%A4%A6%E0%A5%8D%E0%A4%AF%E0%A5%82%E0%A4%A4#Sanskrit (Source: Wiktionary)	jogar (Source: Dalgado);  Sanskrit द्यूत  (Source: Wiktionary)	 Sanskrit द्यूत https://en.wiktionary.org/wiki/%E0%A4%A6%E0%A5%8D%E0%A4%AF%E0%A5%82%E0%A4%A4#Sanskrit (Source: Wiktionary)	architecture	architecture	building components								jalapa	
jogar		जुआरी		pt jogar (Source: Dalgado) |  sa द्यूत ‘gambling, game of dice' (Source: Dasa) .	juārī	جواری	noun	(Delhi) IPA(key): /d͡ʒʊ.ɑː.ɾiː/, [d͡ʒʊ.äː.ɾiː]	m.	gambler		जुआरी		jogar	jogar (Source: Dalgado);  Sanskrit द्यूत https://en.wiktionary.org/wiki/%E0%A4%A6%E0%A5%8D%E0%A4%AF%E0%A5%82%E0%A4%A4#Sanskrit (Source: Wiktionary)	jogar (Source: Dalgado);  Sanskrit द्यूत  (Source: Wiktionary)	 Sanskrit द्यूत https://en.wiktionary.org/wiki/%E0%A4%A6%E0%A5%8D%E0%A4%AF%E0%A5%82%E0%A4%A4#Sanskrit (Source: Wiktionary)	architecture	architecture	building components								janela	
lampada		लैंप		pt lampada (Source: Dalgado) | en lamp (Source: Dalgado, Dasa) .	laimp	لیمپ	noun		m.	lamp	3339	लैंप		lampada	lampada (Source: Dalgado); English lamp (Source: Dalgado)	lampada (Source: Dalgado); English lamp (Source: Dalgado)	English lamp (Source: Dalgado)											jogar	
leilão	3.34	नीलाम		pt leilão (Source: Dalgado, Dasa) .	nīlām	 ⁧نیلام⁩	noun	(Delhi Hindi) IPA(key): /niː.lɑːm/, [niː.lä̃ːm]	m 	auction (a public event where goods are sold through bidding)	3,011	नीलाम		leilão	leilão (Source: Dalgado)	leilão (Source: Dalgado)		commerce_and_business	commerce_and_business	financial transactions	masc cons-stem	नीलाम	नीलाम	नीलाम	नीलाम	नीलामों	नीलामो	jogar	
linguiça		लंगूचा		pt linguiça (Source: Dalgado) | sa लिङ्ग+उच्चयः (Source: Platts) .	languchā		noun		m.	a sausage	2	लंगूचा		linguiça	linguiça (Source: Dalgado); Sanskrit लिङ्ग+उच्चयः (Source: Platts)	linguiça (Source: Dalgado); Sanskrit लिङ्ग+उच्चयः (Source: Platts)	Sanskrit लिङ्ग+उच्चयः (Source: Platts)											lampada	
mármore		मरमर		pt mármore (Source: Dalgado) | grc > fa مرمر (Source: McGregor) | ur (Source: Dasa).	marmar	مرمر	noun	(Delhi) IPA(key): /məɾ.məɾ/, [mɐɾ.mɐɾ]	m.	marble	53	मरमर		mármore	mármore (Source: Dalgado); Persian مرمر https://en.wiktionary.org/wiki/%D9%85%D8%B1%D9%85%D8%B1#Persian (Source: Wiktionary, McGregor)	mármore (Source: Dalgado); Persian مرمر  (Source: Wiktionary, McGregor)	Persian مرمر https://en.wiktionary.org/wiki/%D9%85%D8%B1%D9%85%D8%B1#Persian (Source: Wiktionary, McGregor)	materials	materials	stone types								leilão	
martelo	<0.01	मारतौल		pt martelo (Source: Dalgado, Dasa, McGregor) .	mārataula	مارتول	noun	(Delhi Hindi) IPA(key): /mɑːɾ.t̪ɔːl/, [mäːɾ.t̪ɔːl]		a heavy hammer, hammer 	2	मारतौल		martelo	martelo (Source: Dalgado)	martelo (Source: Dalgado)		objects	objects	tools	masc cons-stem	मारतौल	मारतौल	मारतौल	मारतौल	मारतौलों	मारतौलो	linguiça	
mastro	0.24	मस्तूल		pt mastro (Source: Dalgado, Dasa) .	mastūla	مستول	noun	(Delhi) IPA(key): /məs.t̪uːl/, [mɐs.t̪uːl]	m.	mast	219	मस्तूल		mastro	mastro (Source: Dalgado)	mastro (Source: Dalgado)		nautics	nautics	nautical tools, components and materials								mármore	
mês		मास-कबार		pt mês (Source: Dalgado) .	mās-kabār	ماس کَبار	noun		m.	last day of a month, monthly statement	0	मार्तोल		mês	mês (Source: Dalgado)	mês (Source: Dalgado)												martelo	
mesa		मेज़		pt mesa (Source: Dalgado, Dasa) | fa میز (Source: Dasa, McGregor) .	mez	میز	noun	(Delhi) IPA(key): /meːz/, /meːd͡ʒ/	f.	table	2319	मेज़		mesa	mesa (Source: Dalgado); Persian میز https://en.wiktionary.org/wiki/%D9%85%DB%8C%D8%B2#Persian (Source: Wiktionary, McGregor)	mesa (Source: Dalgado); Persian میز  (Source: Wiktionary, McGregor)	Persian میز https://en.wiktionary.org/wiki/%D9%85%DB%8C%D8%B2#Persian (Source: Wiktionary, McGregor)	furniture	furniture	pieces of furniture								mastro	
mestiço		मस्तीसा		pt mestiço (Source: Dalgado) .	mastīsā	مَستِیسا	noun		m. or f.	half-caste	0	मस्तीसा		mestiço	mestiço (Source: Dalgado)	mestiço (Source: Dalgado)												mês	
mestre		मिस्तरी		pt mestre (Source: Dalgado, McGregor) .	mistarī	مستری	noun			skilled tradesman	0	मास-कबार		mestre	mestre (Source: Dalgado)	mestre (Source: Dalgado)		education	education	leadership and authority								mesa	
mestre		मिस्त्री		pt mestre (Source: Dalgado, McGregor) .	mistrī	 ⁧مِسْتْری⁩	noun	(Delhi Hindi) IPA(key): /mɪs.t̪ɾiː/	m.	mechanic & artisan, craftsman	N	मिस्त्री		mestre	mestre (Source: Dalgado)	mestre (Source: Dalgado)		education	education	leadership and authority	masc ī-stem	मिस्त्री	मिस्त्री	मिस्त्री	मिस्त्री	मिस्त्रियों	मिस्त्रियो	mestre	
mestre		मिस्त्री		pt mestre (Source: Dalgado, McGregor) .	mistarī	مستری	noun	(Delhi) IPA(key): /mɪs.t̪ɾiː/	m.	skilled tradesman	54	मिस्तरी		mestre	mestre (Source: Dalgado)	mestre (Source: Dalgado)		education	education	leadership and authority								mestiço	
Moçambique		मुसंबी		pt Moçambique (Source: Dasa)	musambī	 	noun		f.	mousambi				NA															
outubro	20.58	अक्तूबर		ine-pro *h₃(e)ḱtéh₃ ‘eight’, *h₃ḱt(e)h₃-uó- ‘eighth’ > itc-pro *oktō ‘eight’, *oktāwo- ‘eighth’ (Source: de Vaan) > la octō + -ber ‘pertaining the eigth (month)’ [analogy with la september ‘september’] (Source: Ernout-Meillet) > pt outubro (Source: Wiktionary) | en October (Source: McGregor) .	aktūbara	اَکْتُوبَر⁩	noun	(Delhi Hindi) IPA(key): /ək.t̪uː.bəɾ/, [ɐk.t̪uː.bɐɾ]	m.	October	18,552	अक्तूबर		NA	outubro (Source: Wiktionary);  English October (Source: McGregor)	outubro (Source: Wiktionary);  English October (Source: McGregor)	 English October (Source: McGregor)	calendar	calendar	month								mestre	
padre	5.53	पादरी		pt padre (Source: Dalgado, Dasa) .	pādarī	پادْری⁩	noun	(Delhi Hindi) IPA(key): /pɑːd̪.ɾiː/, [päːd̪.ɾiː]	m.	Christian priest or minister; chaplain.	4980	पादरी		padre	padre (Source: Dalgado)	padre (Source: Dalgado)		religion	religion	practices, beliefs and rituals	masc ī-stem	पादरी	पादरी	पादरी	पादरी	पादरियों	पादरियो	mestre	
pão		पाव-रोटी		pt pão + hi रोटी  (Source: Dalgado, Dasa) | sa पद् (Source:McGregor) .	pāv-rotī		noun		f.	loaf of bread	94	पाव-रोटी		pão	pão (Source: Dalgado); Sanskrit पद् https://en.wiktionary.org/wiki/%E0%A4%AA%E0%A4%A6%E0%A5%8D#Sanskrit (Source:McGregor)	pão (Source: Dalgado); Sanskrit पद्  (Source:McGregor)	Sanskrit पद् https://en.wiktionary.org/wiki/%E0%A4%AA%E0%A4%A6%E0%A5%8D#Sanskrit (Source:McGregor)	culinary	culinary	food / baked goods								outubro	
papaia		पपीता		pt papaia (Source: Dalgado)  .	papītā	پپیتا	noun		m.	papaya	8222	पपीता		papaia	papaia (Source: Dalgado); 	papaia (Source: Dalgado); 		botany	botany	fruits								padre	
peru		पीरू		pt peru (Source: Dalgado) | fa  پِیل مُرْغ (Source:Dasa) .	pīrū	پیرو	noun	(Delhi) IPA(key): /piː.ɾuː/	m.	turkey	N	पीरू		peru	peru (Source: Dalgado); Persian  پِیل مُرْغ (Source:Dasa)	peru (Source: Dalgado); Persian  پِیل مُرْغ (Source:Dasa)	Persian  پِیل مُرْغ (Source:Dasa)											pão	
pipa	?0.93	पीपा		pt pipa (Source: Dalgado, McGregor) | ? (Source: Dasa) .	pīpā	پیپا	noun	(Delhi Hindi) IPA(key): /piː.pɑː/, [piː.päː]	m.	cylinder, barrel, cask	?834	पीपा		pipa	pipa (Source: Dalgado)	pipa (Source: Dalgado)				containers	masc ā-stem	पीपा	पीपे	पीपे	पीपे	पीपों	पीपो	papaia	
pires		पिरिच		pt pires (Source: Dalgado) | en press (Source: McGregor) .	piric	پرچ	noun	(Delhi) IPA(key): /pɪ.ɾɪt͡ʃ/	m.	saucer  & a flat surface (as used in pressing out indigo)	0	पिरिच		pires	pires (Source: Dalgado); English press (Source: Wiktionary, McGregor)	pires (Source: Dalgado); English press (Source: Wiktionary, McGregor)	English press (Source: Wiktionary, McGregor)	household	household	tableware								peru	
pistola	6.07	पिस्तौल		pt pistola (Source: Dalgado, McGregor) | en pistol (Source: Dalgado, Dasa) .	pistaula	پسطول	noun	(Delhi Hindi) IPA(key): /pɪs.t̪ɔːl/	f.	pistol, gun	5,470	पिस्तौल		pistola	pistola (Source: Dalgado); English pistol (Source: Dalgado)	pistola (Source: Dalgado); English pistol (Source: Dalgado)	English pistol (Source: Dalgado)	military	military	weapons, explosives, devices	fem cons-stem	पिस्तौल	पिस्तौल	पिस्तौल	पिस्तौलें	पिस्तौलों	पिस्तौलो	pipa	
polícia		पुलिस		pt ? polícia (Source: Dalgado) | en police (Source: Dalgado, Dasa, McGregor) .	pulis	پولس	noun	(Delhi) IPA(key): /pʊ.lɪs/	f.	the police		पुलिस		? polícia	? polícia (Source: Dalgado); English police (Source: D, McGregor)	? polícia (Source: Dalgado); English police (Source: D, McGregor)	English police (Source: D, McGregor)											pires	
pompa	0.34	बंबा		pt pompa .	bambā	بمبہ⁩	noun	(Delhi Hindi) IPA(key): /bəm.bɑː/, [bɐ̃m.bäː]	m.	pump; water pump & channel, narrow river, creek	304	बंबा		NA							masc ā-stem	बंबा	बंबे	बंबे	बंबे	बंबों	बंबो	pistola	
prato		परात		pt prato (Source: Dalgado) | sa पात्र (Source: Dasa) .	parāt	پرات	noun	(Delhi) IPA(key): /pə.ɾɑːt̪/, [pɐ.ɾäːt̪]	f.	receipt	400	परात		prato	prato (Source: Dalgado); Sanskrit पात्र (Source: Dasa) https://dsal.uchicago.edu/cgi-bin/app/dasa-hindi_query.py?qs=%E0%A4%AA%E0%A4%B0%E0%A4%BE%E0%A4%A4&searchhws=yes&matchtype=exact)	prato (Source: Dalgado); Sanskrit पात्र (Source: Dasa) 	Sanskrit पात्र (Source: Dasa) https://dsal.uchicago.edu/cgi-bin/app/dasa-hindi_query.py?qs=%E0%A4%AA%E0%A4%B0%E0%A4%BE%E0%A4%A4&searchhws=yes&matchtype=exact)		tableware									polícia	
querubim		करूबीम		pt querubim (Source: Dalgado) .		کَرُوبِیم	noun			cherubim	0	करूबीम		querubim	querubim (Source: Dalgado)	querubim (Source: Dalgado)												prato	
recibo		रसीद		pt recibo (Source: Dalgado) | fa رسید (Source: Dasa, McGregor) | en receipt (Dasa) .	rasīd	رسید	noun	(Delhi) IPA(key): /ɾə.siːd̪/, [ɾɐ.siːd̪]	f.	receipt	5471	रसीद		recibo	recibo (Source: Dalgado); Persian رسید (Source: McGregor)	recibo (Source: Dalgado); Persian رسید (Source: McGregor)	Persian رسید (Source: McGregor)		commerce_and_business	financial transactions								prego	
sabão		साबुन		pt sabão (Source: Dalgado) | ine-pro *seyb- > gem-pro *saipǭ [borrowing] > la sāpō [borrowing] > grc σάπων [borrowing] > syc ܨܲܦ݁ܘܿܢܵܐ (Source:Wiktionary)  [borrowing] > ar صَابُون (Source: Dasa, McGregor) |  ar صَابُون > fa صابون (Source: Wiktionary) .	sābun	صابن	noun	(Delhi) IPA(key): /sɑː.bʊn/, [säː.bʊ̃n]	m.	soap	11540	साबुन		sabão	sabão (Source: Dalgado); A. ṣābun (Source: McGregor); Persian صابون (Source: Wiktionary)	sabão (Source: Dalgado); A. ṣābun (Source: McGregor); Persian صابون (Source: Wiktionary)	A. ṣābun (Source: McGregor); Persian صابون (Source: Wiktionary)	cleaningAndHygiene	cleaning and hygiene									querubim	
sagu		सागू		pt ? sagu (Source: Dalgado) | id sagu (Source: McGregor) | en sago (Source: Dasa) .	sāgū	ساگو	noun	(Delhi) IPA(key): /sɑː.ɡuː/, [säː.ɡuː]	m.	sago	32	सागू		? sagu	? sagu (Source: Dalgado); Indonesian sagu (Source: McGregor)	? sagu (Source: Dalgado); Indonesian sagu (Source: McGregor)	Indonesian sagu (Source: McGregor)											recibo	
saia		साया		pt saia (Source: Dalgado, McGregor) | en chemise (Source: Dasa) .	sāyā	سایہ⁩	noun	(Delhi Hindi) IPA(key): /sɑː.jɑː/, [säː.jäː]	m.	petticoat	9045	साया		saia	saia (Source: Dalgado)	saia (Source: Dalgado)		clothing	clothing	clothing items	masc ā-stem	साया	साए, साये	साए, साये	साए, साये	सायों	सायो	sabão	
salada		सलाद		pt salada (Source: Dalgado) | fr salade (Source: McGregor) | ar > en salad (Source: Dasa) .	salād		noun		m.	salad	9076	सलाद		salada	salada (Source: Dalgado); French salade (Source: McGregor)	salada (Source: Dalgado); French salade (Source: McGregor)	French salade (Source: McGregor)											sagu	
salsaparrilha	?0.33	सालसा		pt salsaparrilha (Source: McGregor) | en (Source: Dasa)	sālasā		noun	(Delhi Hindi) IPA(key): /sɑːl.sɑː/, [säːl.säː]	m.	Indian sarsparilla	 ?297	सालसा		NA				botany	botany	plants								saia	
sapato		चपात		pt sapato (Source: Platts) .	chapat	چپات	noun		f.	 A shoe of the European fashion (having a heel-piece, in contradistinction to the Persian shoe).																			
setembro	142.28	सितंबर		pt setembro (Source: McGregor) | en September (Source: Dasa, McGregor) .	sitambara	ستمبر	noun		m.	September	128,243	सितंबर		NA	setembro (Source: Wiktionary); English September (Source: McGregor)	setembro (Source: Wiktionary); English September (Source: McGregor)	English September (Source: McGregor)	calendar	calendar	month								salada	
sorte		शर्ती		pt sorte (Source: Dalgado) | ar شَرْط (Source: Dasa) .	śart	شرط	noun	(Delhi) IPA(key): /ʃəɾt̪/, [ʃɐɾt̪]	f.	condition, requirement & wager, bet 	11	शर्ती		sorte	sorte (Source: Dalgado); Arabic شَرْط (Source: Wiktionary)	sorte (Source: Dalgado); Arabic شَرْط (Source: Wiktionary)	Arabic شَرْط (Source: Wiktionary)											salsaparrilha	
tabaco		तंबाकू		pt tabaco (Source: Dalgado) | pt tabaco (Source:Wiktionary) > fa تنباکو (Source: McGregor) | en tobacco (Source: Dasa) .	tambākū	تنباکو 	noun	(Delhi) IPA(key): /t̪əm.bɑː.kuː/, [t̪ɐ̃m.bäː.kuː]	m.	tobacco	12641	तंबाकू		tabaco	tabaco (Source: Dalgado); Persian تنباکو (Source: Wiktionary)	tabaco (Source: Dalgado); Persian تنباکو (Source: Wiktionary)	Persian تنباکو (Source: Wiktionary)											setembro	
tambor		तंबूरा		pt tambor (Source: Dalgado) | pal tmbwl, tnbwl (Source: Wiktionary) > fa تنبور ‘tanbur' (Source:  Dasa, McGregor) .	tānpūrā	تنپورا	noun	(Delhi) IPA(key): /t̪ɑːn.puː.ɾɑː/, [t̪ä̃ːn.puː.ɾäː]	m.	tanpura	138	तंबूरा		tambor	tambor (Source: Dalgado); Persian tambūra (Source: McGregor)	tambor (Source: Dalgado); Persian tambūra (Source: McGregor)	Persian tambūra (Source: McGregor)											sorte	
toalha	3,33	तौलिया		pt toalha (Source: Dalgado) | en towel (Source: Dasa, McGregor) .	tauliyā	تَولِیَہ⁩	noun	(Delhi Hindi) IPA(key): /t̪ɔː.lɪ.jɑː/, [t̪ɔː.li.jäː]	m.	towel	3,006	तौलिया		toalha	toalha (Source: Dalgado); English towel (Source: McGregor)	toalha (Source: Dalgado); English towel (Source: McGregor)	English towel (Source: McGregor)	household	household	textiles	masc ā-stem	तौलिया	तौलिए, तौलिये	तौलिए, तौलिये	तौलिए, तौलिये	तौलियों	तौलियो	tabaco	
toronja		तुरंज		pt toronja (Source: Dalgado) | fa turanj (Source: Dasa, McGregor) .	turanj	ترنج	noun		m.	a kind of citron	7	तुरंज		toronja	toronja (Source: Dalgado); Persian turanj (Source: McGregor)	toronja (Source: Dalgado); Persian turanj (Source: McGregor)	Persian turanj (Source: McGregor)											tambor	
tufão		तूफ़ान		pt ? tufão (Source: Dalgado) | ar طوفان (Source: Platts) .	tūfān	طوفان	noun	(Delhi) IPA(key): /t̪uː.fɑːn/, [t̪uː.fä̃ːn], /t̪uː.pʰɑːn/, [t̪uː.pʰä̃ːn]	m.	storm, tempest & hurricane	3572	तूफ़ान		? tufão	? tufão (Source: Dalgado); Persian طوفان (Source: Wiktionary, McGregor)	? tufão (Source: Dalgado); Persian طوفان (Source: Wiktionary, McGregor)	Persian طوفان (Source: Wiktionary, McGregor)											toalha	
varanda	5.03	बरामदा		pt varanda (Source: Dalgado, McGregor) | fa bar āmada ‘come forth' (Source: Dasa, McGregor) .	barāmadā	برامدا	noun	(Delhi Hindi) IPA(key): /bə.ɾɑːm.d̪ɑː/, [bɐ.ɾä̃ːm.d̪äː]	m.	verandah	4,533	बरामदा		varanda	varanda (Source: Dalgado); Persian bar āmada 'come forth' (Source: McGregor)	varanda (Source: Dalgado); Persian bar āmada 'come forth' (Source: McGregor)	Persian bar āmada 'come forth' (Source: McGregor)	architecture	architecture		masc ā-stem	बरामदा	बरामदे	बरामदे	बरामदे	बरामदों	बरामदो	toronja	
vermelho		वरमेल्हो		pt vermelho (Source: Dasa) .	varmelho		noun		m.	Malay red sandalwood				NA															
verruma		बरमा		pt verruma (Source: Dalgado) .	barmā	برما	noun	(Delhi) IPA(key): /bəɾ.mɑː/, [bɐɾ.mäː]	m.	(tool) drill, borer	131	बरमा		verruma	verruma (Source: Dalgado)	verruma (Source: Dalgado)												tufão	