Etymon pt-PT	hiTenTen21 Relative (1)	Headword	hiTenTen21 Absolute (1)	Headword (Hi)	Etymon pt-PT New Spelling	DALGADO Pt-Lemma	Etymology	Etymology Free	Alternative Etymology (1)	Transliteration	Urdu 	Part of Speech	Pronunciation	Gender	Definition	Domain	Lexical field	Grammar	direct singular	oblique singular	vocative singular	direct plural	oblique plural	vocative plural	Etymon pt-PT_1
outubro	20.58	рдЕрдХреНрддреВрдмрд░	18,552	рдЕрдХреНрддреВрдмрд░		NA	outubro (Source: Wiktionary);  English October (Source: McGregor)	outubro (Source: Wiktionary);  English October (Source: McGregor)	 English October (Source: McGregor)	akt┼лbara	╪з┘О┌й┘Т╪к┘П┘И╪и┘О╪▒тБй	noun	(Delhi Hindi) IPA(key): /╔Щk.t╠кu╦Р.b╔Щ╔╛/, [╔Рk.t╠кu╦Р.b╔Р╔╛]	m.	October	calendar	month								mestre
agosto	97.61	рдЕрдЧрд╕реНрдд	87,980	рдЕрдЧрд╕реНрдд		NA		agosto (Source:  W)	English August (Source: McGregor)	agasta	╪з┌п╪│╪к	noun	(Delhi Hindi) IPA(key): /╔Щ.╔б╔Щst╠к/, [╔Р.╔б╔Рst╠к]	m.	August	calendar	month	masc cons-stem	рдЕрдЧрд╕реНрдд	рдЕрдЧрд╕реНрдд	рдЕрдЧрд╕реНрдд	рдЕрдЧрд╕реНрдд	рдЕрдЧрд╕реНрддреЛрдВ	рдЕрдЧрд╕реНрддреЛ	agosto
ingl├кs	2.58	рдЕрдБрдЧреНрд░реЗреЫ	2,327	рдЕрдБрдЧреНрд░реЗреЫ		ingl├кs	ingl├кs (Source: Dalgado)	ingl├кs (Source: Dalgado)		am╠Рgr─Уz	╪з┘Ж┌п╪▒█М╪▓	noun	(Delhi Hindi) IPA(key): /╔Щ┼Л.╔б╔╛e╦Рz/, [╔Р╠Г┼Л.╔б╔╛e╦Рz], /╔Щ┼Л.╔б╔╛e╦Рd═б╩Т/, [╔Р╠Г┼Л.╔б╔╛e╦Рd═б╩Т]	m. or f.	English person (Englishman or Englishwoman)	geography	nationalities and ethnic groups								hospital
ingl├кs		рдЕрдЪрд╛рд░	7315	рдЕрдЪрд╛рд░		ingl├кs	ingl├кs (Source: Dalgado)	ingl├кs (Source: Dalgado)		aс╣Еgrez	╪з┘Ж┌п╪▒█М╪▓	noun	(Delhi Hindi) IPA(key): /╔Щ┼Л.╔б╔╛e╦Рz/, [╔Р╠Г┼Л.╔б╔╛e╦Рz], /╔Щ┼Л.╔б╔╛e╦Рd═б╩Т/, [╔Р╠Г┼Л.╔б╔╛e╦Рd═б╩Т]	m. or f.	English person (Englishman or Englishwoman)	geography	nationalities and ethnic groups								igreja
achar	8	рдЕрдирдиреНрдирд╛рд╕	2,541	рдЕрдирдиреНрдирд╛рд╕		achar	achar (Source: Dalgado)	achar (Source: Dalgado)	 ╪в┌Ж╪з╪▒ Persian https://en.wiktionary.org/wiki/%D8%A2%DA%86%D8%A7%D8%B1#Persian (source: Wiktionary) 	ach─Бr	╪з┌Ж╪з╪▒	noun	(Delhi) IPA(key): /╔Щ.t═б╩Г╔С╦Р╔╛/, [╔Р.t═б╩Г├д╦Р╔╛]	m.	achar (a spicy and salty pickle of Indian cuisine)	culinary	food / preserves		рдЕрдЪрд╛рд░	рдЕрдЪрд╛рд░	рдЕрдЪрд╛рд░	рдЕрдЪрд╛рд░	рдЕрдЪрд╛рд░реЛрдВ	рдЕрдЪрд╛рд░реЛ	achar
anan├бs	2.82	рдЕрдиреАрд╕реВрди		рдЕрдиреАрд╕реВрди		anan├бs	anan├бs (Source: Dalgado)	anan├бs (Source: Dalgado)		anann─Бsa	╪з┘Ж┘Ж╪з╪│	noun	(Delhi Hindi) IPA(key): /╔Щ.n╔Щn.n╔С╦Рs/, [╔Р.n╔Р╠Гn.n├д╦Рs]	m.	pineapple (fruit)	botany	fruits	masc cons-stem	рдЕрдирдиреНрдирд╛рд╕	рдЕрдирдиреНрдирд╛рд╕	рдЕрдирдиреНрдирд╛рд╕	рдЕрдирдиреНрдирд╛рд╕	рдЕрдирдиреНрдирд╛рд╕реЛрдВ	рдЕрдирдиреНрдирд╛рд╕реЛ	amen
anis						? anis	? anis (Source: Dalgado); Greek с╝Д╬╜╬╣╧Г╬┐╬╜ https://en.wiktionary.org/wiki/%E1%BC%84%CE%BD%CE%B9%CF%83%CE%BF%CE%BD (Source: Dalgado) ; Latin anisum https://en.wiktionary.org/wiki/anisum#Latin (Source: Dalgado)	? anis (Source: Dalgado); Greek с╝Д╬╜╬╣╧Г╬┐╬╜  (Source: Dalgado) ; Latin anisum  (Source: Dalgado)	Greek с╝Д╬╜╬╣╧Г╬┐╬╜ https://en.wiktionary.org/wiki/%E1%BC%84%CE%BD%CE%B9%CF%83%CE%BF%CE%BD (Source: Dalgado) ; Latin anisum https://en.wiktionary.org/wiki/anisum#Latin (Source: Dalgado)	an─лsun	╪з┘О┘Ж┘Р█М╪│┘П┘И┘Ж	noun		m.	aniseed										anan├бs
ambar		рдЕрдВрдмрд░		рдЕрдВрдмрд░	├вmbar	ambar	ambar (Source: Dalgado); Persian ╪╣┘Ж╪и╪▒ https://en.wiktionary.org/wiki/%D8%B9%D9%86%D8%A8%D8%B1#Persian (source:  Wiktionary); Arabic ╪╣┘О┘Ж┘Т╪и┘О╪▒ https://en.wiktionary.org/wiki/%D8%B9%D9%86%D8%A8%D8%B1#Arabic (Source: Dalgado)	ambar (Source: Dalgado); Persian ╪╣┘Ж╪и╪▒  (source:  Wiktionary); Arabic ╪╣┘О┘Ж┘Т╪и┘О╪▒  (Source: Dalgado)	Persian ╪╣┘Ж╪и╪▒ https://en.wiktionary.org/wiki/%D8%B9%D9%86%D8%A8%D8%B1#Persian (source:  Wiktionary); Arabic ╪╣┘О┘Ж┘Т╪и┘О╪▒ https://en.wiktionary.org/wiki/%D8%B9%D9%86%D8%A8%D8%B1#Arabic (Source: Dalgado)	ambar	╪╣┘Ж╪и╪▒	noun	(Delhi) IPA(key): /╔Щm.b╔Щ╔╛/, [╔Р╠Гm.b╔Р╔╛]	m.	ambergris perfume	materials	substances	masc cons-stem	рдЕрдВрдмрд░	рдЕрдВрдмрд░	рдЕрдВрдмрд░	рдЕрдВрдмрд░	рдЕрдВрдмрд░реЛрдВ	рдЕрдВрдмрд░реЛ	ama
arm├бrio	4.93	рдЕрд▓рдорд╛рд░реА	4,445	рдЕрд▓рдорд╛рд░реА		arm├бrio	arm├бrio (Source: Dalgado)	arm├бrio (Source: Dalgado)		alam─Бr─л	╪з┘О┘Д┘Т┘Е╪з╪▒█М	noun	(Delhi Hindi) IPA(key): /╔Щl.m╔С╦Р.╔╛i╦Р/, [╔Рl.m├д╦Р.╔╛i╦Р]	f.	cupboard, shelf; almirah	furniture	pieces of furniture	fem ─л-stem	рдЕрд▓рдорд╛рд░реА	рдЕрд▓рдорд╛рд░реА	рдЕрд▓рдорд╛рд░реА	рдЕрд▓рдорд╛рд░рд┐рдпрд╛рдБ	рдЕрд▓рдорд╛рд░рд┐рдпреЛрдВ	рдЕрд▓рдорд╛рд░рд┐рдпреЛ	anis
est├бbulo	0.62	рдЕрд╕реНрддрдмрд▓	556	рдЕрд╕реНрддрдмрд▓		NA	est├бbulo  (Source: McGregor); Arabic ist╠дabal (Source: McGregor)	est├бbulo  (Source: McGregor); Arabic ist╠дabal (Source: McGregor)	Arabic ist╠дabal (Source: McGregor)	astabala	╪з┘О╪╡┘Т╪╖┘О╪и┘О┘Д	noun	(Delhi Hindi) IPA(key): /╔Щs.t╠к╔Щ.b╔Щl/, [╔Рs.t╠к╔Р.b╔Рl]	m.	stable (for a horse)	animal husbandry	animal housing	masc cons-stem	рдЕрд╕реНрддрдмрд▓	рдЕрд╕реНрддрдмрд▓	рдЕрд╕реНрддрдмрд▓	рдЕрд╕реНрддрдмрд▓	рдЕрд╕реНрддрдмрд▓реЛрдВ	рдЕрд╕реНрддрдмрд▓реЛ	dezembro
espital	279.86	рдЕрд╕реНрдкрддрд╛рд▓	252,251	рдЕрд╕реНрдкрддрд╛рд▓		NA	espital (Source: Wiktionary); English hospital (Source: McGregor)	espital (Source: Wiktionary); English hospital (Source: McGregor)	English hospital (Source: McGregor)	aspat─Бla	╪з┘О╪│┘Т┘╛┘О╪к╪з┘ДтБй	noun	(Delhi Hindi) IPA(key): /╔Щs.p╔Щ.t╠к╔С╦Рl/, [╔Рs.p╔Р.t╠к├д╦Рl]	m.	hospital	healthcare	medical institutions	masc cons-stem	рдЕрд╕реНрдкрддрд╛рд▓	рдЕрд╕реНрдкрддрд╛рд▓	рдЕрд╕реНрдкрддрд╛рд▓	рдЕрд╕реНрдкрддрд╛рд▓	рдЕрд╕реНрдкрддрд╛рд▓реЛрдВ	рдЕрд╕реНрдкрддрд╛рд▓реЛ	gud├гo
amen		рдЖрдореАрди	1,001	рдЖрдореАрди	am├йm ou ├бmen	amen	amen (Source: Dalgado); Arabic ╪в┘Е┘К┘Ж https://en.wiktionary.org/wiki/%D8%A2%D9%85%D9%8A%D9%86 (Source: Dalgado)	amen (Source: Dalgado); Arabic ╪в┘Е┘К┘Ж  (Source: Dalgado)	Arabic ╪в┘Е┘К┘Ж https://en.wiktionary.org/wiki/%D8%A2%D9%85%D9%8A%D9%86 (Source: Dalgado)	─Бm─лn	╪в┘Е█М┘Ж	interjection			amen	religion	practices, beliefs and rituals								ambar
aia	N	рдЖрдпрд╛	N	рдЖрдпрд╛		aia	aia (Source: Dalgado)			─Бy─Б	╪в█М╪зтАО	noun	(Delhi Hindi) IPA(key): /╔С╦Р.j╔С╦Р/, [├д╦Р.j├д╦Р]	f.	ayah: nurse maid, nurse	occupations	domestic service / childcare	fem ─Б-stem	рдЖрдпрд╛	рдЖрдпрд╛	рдЖрдпрд╛	рдЖрдпрд╛рдПрдБ	рдЖрдпрд╛рдУрдВ	рдЖрдпрд╛рдУ	aia
alfinete	0.03	рдЖрд▓рдкреАрди	28	рдЖрд▓рдкреАрди		alfinete	alfinete (Source: Dalgado)			─Бlap─лn 	╪в┘Д┘╛ 	noun	(Delhi Hindi) IPA(key): /╔С╦Рl.pi╦Рn/, [├д╦Рl.p─й╦Рn]	f.	safety pin & a pin	sewing	accessories	fem cons-stem	рдЖрд▓рдкреАрди	рдЖрд▓рдкреАрди	рдЖрд▓рдкреАрди	рдЖрд▓рдкреАрдиреЗрдВ	рдЖрд▓рдкреАрдиреЛрдВ	рдЖрд▓рдкреАрдиреЛ	alfinete
estirar	0.17	рдЗрд╕реНрддрд░реА	155	рдЗрд╕реНрддрд░реА		estirar	estirar (Source: Dalgado)	estirar (Source: Dalgado)		istar─л	╪з╪│╪к╪▒█М	noun	(Delhi Hindi) IPA(key): /╔кs.t╠к╔╛i╦Р/	f.	iron, press			fem ─л-stem	рдЗрд╕реНрддреНрд░реА	рдЗрд╕реНрддреНрд░реА	рдЗрд╕реНрддреНрд░реА	рдЗрд╕реНрддреНрд░рд┐рдпрд╛рдБ	рдЗрд╕реНрддреНрд░рд┐рдпреЛрдВ	рдЗрд╕реНрддреНрд░рд┐рдпреЛ	espada
espada	12.07	рдЗрд╕реНрдкрд╛рдд	10,882	рдЗрд╕реНрдкрд╛рдд		espada	espada (Source: Dalgado)	espada (Source: Dalgado)		isp─Бta	╪з╪│┘╛╪з╪к	noun	(Delhi Hindi) IPA(key): /╔кs.p╔С╦Рt╠к/, [╔кs.p├д╦Рt╠к]	m.	steel		weapons, explosives, devices								da Silva
holand├кs	<0.01	рдУрд▓рдВрджреЗрдЬрд╝	1	рдУрд▓рдВрджреЗрдЬрд╝						olandez	┘И┘Д┘Ж╪п█М╪▓	noun	(Delhi Hindi) IPA(key): /o╦Р.l╔Щn.d╠кe╦Рz/, [o╦Р.l╔Р╠Гn╠к.d╠кe╦Рz], /o╦Р.l╔Щn.d╠кe╦Рd═б╩Т/, [o╦Р.l╔Р╠Гn╠к.d╠кe╦Рd═б╩Т]	m. or f.	(dated) Dutchman; citizen of Holland 	geography	nationalities and ethnic groups								gentio
candil		рдХрдВрджреАрд▓	421	рдХрд╝рдВрджреАрд▓		? candil	? candil (Source: Dalgado); Arabic ┘В┘Ж╪п┘К┘Д https://en.wiktionary.org/wiki/%D9%82%D9%86%D8%AF%D9%8A%D9%84#Arabic (Source: Dalgado)	? candil (Source: Dalgado); Arabic ┘В┘Ж╪п┘К┘Д  (Source: Dalgado)	Arabic ┘В┘Ж╪п┘К┘Д https://en.wiktionary.org/wiki/%D9%82%D9%86%D8%AF%D9%8A%D9%84#Arabic (Source: Dalgado)	kand─лl	┘В┘Ж╪п█М┘Д	noun		f.	a lantern	objects	domestic items / lighting								camisa
campo		рдХрдВрдкреВ	N	рдХрдВрдкреВ		campo	campo (Source: Dalgado); English camp (Source: McGregor)	campo (Source: Dalgado); English camp (Source: McGregor)	English camp (Source: McGregor)	kamp┼л		noun	(Delhi) IPA(key): /k╔Щm.pu╦Р/, [k╔Р╠Гm.pu╦Р]	m.	encampment & tent & cantonment & camp 										c├вmara
capit├гo		рдХрдкреНрддрд╛рди	91962	рдХрдкреНрддрд╛рди		capit├гo	capit├гo (Source: Dalgado); English Captain (Source: Wiktionary)	capit├гo (Source: Dalgado); English Captain (Source: Wiktionary)	English Captain (Source: Wiktionary)	kapt─Бn	┌й┘╛╪к╪з┘Ж	noun	(Delhi) IPA(key): /k╔Щp.t╠к╔С╦Рn/, [k╔Рp.t╠к├д╠Г╦Рn]	m.	captain (of a ship)	nautics	military ranks and titles								campo
c├вmara	95.94	рдХрдорд░рд╛	86,477	рдХрдорд░рд╛		c├вmara	c├вmara (Source: Dalgado)	c├вmara (Source: Dalgado)		kamar─Б	┌й┘Р╪▒╪з┘Ж┘Ш┌Ж█М	noun	(Delhi Hindi) IPA(key): /k╔Щm.╔╛╔С╦Р/, [k╔Р╠Гm.╔╛├д╦Р]	m.	room	architecture	buildings	masc ─Б-stem	рдХрдорд░рд╛	рдХрдорд░реЗ	рдХрдорд░реЗ	рдХрдорд░реЗ	рдХрдорд░реЛрдВ	рдХрдорд░реЛ	caju
camisa		рдХрд╝рдореАрдЬрд╝	2427	рдХрд╝рдореАрдЬрд╝		camisa	camisa (Source: Dalgado); Persian ┘В┘Е█М╪╡ https://en.wiktionary.org/wiki/%D9%82%D9%85%DB%8C%D8%B5#Persian (Source: Wiktionary); Arabic (Source: Dalgado)	camisa (Source: Dalgado); Persian ┘В┘Е█М╪╡  (Source: Wiktionary); Arabic (Source: Dalgado)	Persian ┘В┘Е█М╪╡ https://en.wiktionary.org/wiki/%D9%82%D9%85%DB%8C%D8%B5#Persian (Source: Wiktionary); Arabic (Source: Dalgado)	qam─лz	┘В┘Е█М╪╢	noun	(Delhi) IPA(key): /q╔Щ.mi╦Рz/, [q╔Р.mi╦Рz], /k╔Щ.mi╦Рd═б╩Т/, [k╔Р.mi╦Рd═б╩Т]	f.	shirt	clothing	clothing items								calafate
querubim		рдХрд░реВрдмреАрдо	0	рдХрд░реВрдмреАрдо		querubim	querubim (Source: Dalgado)	querubim (Source: Dalgado)			┌й┘О╪▒┘П┘И╪и┘Р█М┘Е	noun			cherubim										prato
coronel		рдХрд░реНрдирд▓	11389	рдХрд░реНрдирд▓		coronel	coronel (Source: Dalgado); English colonel (Source: D, Wiktionary)	coronel (Source: Dalgado); English colonel (Source: D, Wiktionary)	English colonel (Source: D, Wiktionary)	karnal	┌й╪▒┘Ж┘Д	noun		m.	colonel	military	military ranks and titles								coche
calafate		рдХрд▓рд╛рдкрдЯреНрдЯреА	0	рдХрд▓рд╛рдкрдЯреНрдЯреА		calafate	calafate (Source: Dalgado); Arabic (Source: Dalgado)	calafate (Source: Dalgado); Arabic (Source: Dalgado)	Arabic (Source: Dalgado)	kal─Бpaс╣нс╣н─Б		noun		m.	caulker	nautics	nautical tools, components and materials								botelha
casa		рдХрд╛рдЬ		рдХрд╛рдЬ		casa	casa (Source: Dalgado); Sanskrit рдХрд╛рдЪрдГ 'a loop' (Source: Platts)	casa (Source: Dalgado); Sanskrit рдХрд╛рдЪрдГ 'a loop' (Source: Platts)	Sanskrit рдХрд╛рдЪрдГ 'a loop' (Source: Platts)	k─Бj	┌й╪з╪м	noun	(Delhi) IPA(key): /k╔С╦Рd═б╩Т/, [k├д╦Рd═б╩Т]	m.	a buttonhole										carraguem
caju	7.87	рдХрд╛рдЬреВ	7090	рдХрд╛рдЬреВ		NA				k─Бj┼л	┌й╪з╪м┘ИтБй	noun	(Delhi Hindi) IPA(key): /k╔С╦Р.d═б╩Тu╦Р/, [k├д╦Р.d═б╩Тu╦Р]	m.	cashew nut	botany	fruits	masc ┼л-stem	рдХрд╛рдЬреВ	рдХрд╛рдЬреВ	рдХрд╛рдЬреВ	рдХрд╛рдЬреВ	рдХрд╛рдЬреБрдУрдВ	рдХрд╛рдЬреБрдУ	bot├гo
cartucho		рдХрд╛рд░рддреВрд╕	6780	рдХрд╛рд░рддреВрд╕		? cartucho	? cartucho (Source: Dalgado); French cartouche (Source: McGregor)	? cartucho (Source: Dalgado); French cartouche (Source: McGregor)	French cartouche (Source: McGregor)	k─Бrt┼лs	┌й╪з╪▒╪к┘И╪│	noun	(Delhi) IPA(key): /k╔С╦Р╔╛.t╠кu╦Рs/, [k├д╦Р╔╛.t╠кu╦Рs]	m.	(firearms) cartridge										carabina
carabina		рдХрд╛рд░рдмрд╛рдЗрди	94	рдХрд╛рд░рдмрд╛рдЗрди		? carabina	? carabina (Source: Dalgado); French carabine (Source: Dalgado); Persian qar─Бb─лn (Source: McGregor)	? carabina (Source: Dalgado); French carabine (Source: Dalgado); Persian qar─Бb─лn (Source: McGregor)	French carabine (Source: Dalgado); Persian qar─Бb─лn (Source: McGregor)	kaс╣Ы─Бb─лn	┌й╪з╪▒╪и╪з╪ж┘Ж	noun		f.	a carbine										candil
carraguem	<0.01	рдХрд┐рд░рд╛рдБрдЪреА	0	рдХрд┐рд░рд╛рдБрдЪреА		NA	NA (Source: Dalgado); 			kir─Бm╠Рc─л	┌й┘Р╪▒╪з┘Ж┘Ш┌Ж█М	noun	(Delhi Hindi) IPA(key): /k╔к.╔╛╔С╠Г╦Р.t═б╩Гi╦Р/, [k╔к.╔╛├д╠Г╦Р.t═б╩Гi╦Р]	f.	a cart used to carry loads, carriage of goods train & bullock cart			fem ─л-stem	рдХрд┐рд░рд╛рдБрдЪреА	рдХрд┐рд░рд╛рдБрдЪреА	рдХрд┐рд░рд╛рдБрдЪреА	рдХрд┐рд░рд╛рдБрдЪрд┐рдпрд╛рдБ	рдХрд┐рд░рд╛рдБрдЪрд┐рдпреЛрдВ	рдХрд┐рд░рд╛рдБрдЪрд┐рдпреЛ	capit├гo
cunha		рдХреБрдирд┐рдпрд╛	24	рдХреБрдирд┐рдпрд╛		cunha	cunha (Source: Dalgado)	cunha (Source: Dalgado)				noun			wedge										crista╠Гo
cat├│lico		рдХреИрдереЛрд▓рд┐рдХ	4099	рдХреИрдереЛрд▓рд┐рдХ		cat├│lico	cat├│lico (Source: Dalgado); English Catholic (Source: Dalgado, Wiktionary)	cat├│lico (Source: Dalgado); English Catholic (Source: Dalgado, Wiktionary)	English Catholic (Source: Dalgado, Wiktionary)	kaitholik	┌й█М╪к┌╛┘И┘Д┌й	noun	(Delhi) IPA(key): /k╔Ы╦Р.t╠к╩░o╦Р.l╔кk/	m. or f.	Catholic, Roman Catholic	religion	practices, beliefs and rituals								cartucho
cocheiro		рдХреЛрдЪрд╡рд╛рди	196	рдХреЛрдЪрд╡рд╛рди		cocheiro	cocheiro (Source: Dalgado); English coachman (Source: Dalgado)	cocheiro (Source: Dalgado); English coachman (Source: Dalgado)	English coachman (Source: Dalgado)	kochv─Бn	┌й┘И┌Ж╪и╪з┘Ж	noun		m.	a coachman										cifra
crista╠Гo	0.06	рдХреНрд░рд┐рд╕реНрддрд╛рди	54	рдХреНрд░рд┐рд╕реНрддрд╛рди		NA	NA (Source: Dalgado); 			krist─Бna	┌й┘Р╪▒╪│┘╣╪з┘Ж	noun	(Delhi Hindi) IPA(key): /k╔╛╔кs.t╠к╔С╦Рn/, [k╔╛╔кs.t╠к├д╠Г╦Рn]	m. or f.	christian	religion	practices, beliefs and rituals								coronel
cruz	0.82	рдХреНрд░реВрд╕	735	рдХреНрд░реВрд╕		cruz	cruz (Source: Dalgado)	cruz (Source: Dalgado)		kr┼лsa	тБз┌й┘Т╪▒┘П┘И╪│тБй	noun	(Delhi Hindi) IPA(key): /k╔╛u╦Рs/	m.	the cross on which Jesus Christ was crucified & crucifix, cross	religion	practices, beliefs and rituals	masc cons-stem	рдХреНрд░реВрд╕	рдХреНрд░реВрд╕	рдХреНрд░реВрд╕	рдХреНрд░реВрд╕	рдХреНрд░реВрд╕реЛрдВ	рдХреНрд░реВрд╕реЛ	couve
igreja	0.68	рдЧрд┐рд░рдЬрд╛	609	рдЧрд┐рд░рдЬрд╛		igreja	igreja (Source: Dalgado)	igreja (Source: Dalgado)		giraj─Б	тБз┌п┘Р╪▒┘Т╪м╪зтБй	noun	(Delhi Hindi) IPA(key): /╔б╔к╔╛.d═б╩Т╔С╦Р/, [╔б╔к╔╛.d═б╩Т├д╦Р]	m.	church & chapel	religion	religious buildings	masc ─Б-stem	рдЧрд┐рд░рдЬрд╛	рдЧрд┐рд░рдЬреЗ	рдЧрд┐рд░рдЬреЗ	рдЧрд┐рд░рдЬреЗ	рдЧрд┐рд░рдЬреЛрдВ	рдЧрд┐рд░рдЬреЛ	holand├кs
gud├гo		рдЧреЛрджрд╛рдо	11830	рдЧреЛрджрд╛рдо		gud├гo	gud├гo (Source: Dalgado); Bengali gud─Бm https://en.wiktionary.org/wiki/%E0%A6%97%E0%A7%81%E0%A6%A6%E0%A6%BE%E0%A6%AE#Bengali (Source: Wiktionary, McGregor)	gud├гo (Source: Dalgado); Bengali gud─Бm  (Source: Wiktionary, McGregor)	Bengali gud─Бm https://en.wiktionary.org/wiki/%E0%A6%97%E0%A7%81%E0%A6%A6%E0%A6%BE%E0%A6%AE#Bengali (Source: Wiktionary, McGregor)	god─Бm	┌п┘И╪п╪з┘Е	noun		m.	storage, godown										forma
couve	7.8	рдЧреЛрднреА	6,775	рдЧреЛрднреА		couve	couve (Source: Dalgado); Sanksrit рдЧреЛрдЬреАрд╣реНрд╡рд┐рдХрд╛ (Source: Wiktionary)	couve (Source: Dalgado); Sanksrit рдЧреЛрдЬреАрд╣реНрд╡рд┐рдХрд╛ (Source: Wiktionary)	Sanksrit рдЧреЛрдЬреАрд╣реНрд╡рд┐рдХрд╛ (Source: Wiktionary)	gobh─л	┌п┘И╪и┌╛█М	noun	(Delhi Hindi) IPA(key): /╔бo╦Р.b╩▒i╦Р/	f.	cabbage & cauliflower	food	food / vegetables	fem ─л-stem	рдЧреЛрднреА	рдЧреЛрднреА	рдЧреЛрднреА	рдЧреЛрднрд┐рдпрд╛рдБ	рдЧреЛрднрд┐рдпреЛрдВ	рдЧреЛрднрд┐рдпреЛ	cocheiro
chave	7.86	рдЪрд╛рдмреА	7,089	рдЪрд╛рдмреА		chave	chave (Source: Dalgado)	chave (Source: Dalgado)		c─Бb─л	┌Ж╪з╪и█М	noun	(Delhi Hindi) IPA(key): /t═б╩Г╔С╦Р.bi╦Р/, [t═б╩Г├д╦Р.bi╦Р]	f.	key 	objects	artifact	fem ─л-stem	рдЪрд╛рдмреА	рдЪрд╛рдмреА	рдЪрд╛рдмреА	рдЪрд╛рдмрд┐рдпрд╛рдБ	рдЪрд╛рдмрд┐рдпреЛрдВ	рдЪрд╛рдмрд┐рдпреЛ	ch├б
ch├б		рдЪрд╛рдп	64719	рдЪрд╛рдп		ch├б	ch├б (Source: Dalgado); Persian [P. c─Б╩╛e] (Source: McGregor)	ch├б (Source: Dalgado); Persian [P. c─Б╩╛e] (Source: McGregor)	Persian [P. c─Б╩╛e] (Source: McGregor)	c─Бy	┌Ж╪з╪ж█Т	noun	(Delhi) IPA(key): /t═б╩Г╔С╦Рj/, [t═б╩Г├д╦Рj], /t═б╩Г╔С╦Р.e╦Р/, [t═б╩Г├д╦Р.e╦Р]	f.	tea (plant, beverage) & cup of tea	culinary	drinks								casa
chapa		рдЫрд╛рдкрд╛	N	рдЫрд╛рдкрд╛		? chapa	? chapa (Source: Dalgado)	? chapa (Source: Dalgado)			┌Ж┌╛╪з┘╛█Б	noun			a seal, impression, stamp, or brand	materials	construction								cat├│lico
janela		рдЬрдВрдЧрд▓рд╛	N	рдЬрдВрдЧрд▓рд╛		janela	janela (Source: Dalgado)	janela (Source: Dalgado)		jaс╣Еgl─Б	╪м┘О┘Ж┘Ш┌п┘Т┘Д╪зтБй	noun	(Delhi Hindi) IPA(key): /d═б╩Т╔Щ┼Л.╔бl╔С╦Р/, [d═б╩Т╔Р╠Г┼Л.╔бl├д╦Р]	m.	fencing, railing & grille-fitted window	architecture and building	medical institutions	masc ─Б-stem	рдЬрдВрдЧрд▓рд╛	рдЬрдВрдЧрд▓реЗ	рдЬрдВрдЧрд▓реЗ	рдЬрдВрдЧрд▓реЗ	рдЬрдВрдЧрд▓реЛрдВ	рдЬрдВрдЧрд▓реЛ	ingl├кs
jogar		рдЬреБрдЖ		рдЬреБрдЖ		jogar	jogar (Source: Dalgado);  Sanskrit рджреНрдпреВрдд https://en.wiktionary.org/wiki/%E0%A4%A6%E0%A5%8D%E0%A4%AF%E0%A5%82%E0%A4%A4#Sanskrit (Source: Wiktionary)	jogar (Source: Dalgado);  Sanskrit рджреНрдпреВрдд  (Source: Wiktionary)	 Sanskrit рджреНрдпреВрдд https://en.wiktionary.org/wiki/%E0%A4%A6%E0%A5%8D%E0%A4%AF%E0%A5%82%E0%A4%A4#Sanskrit (Source: Wiktionary)	ju─Б	╪м┘И╪з	noun	(Delhi) IPA(key): /d═б╩Т╩К.╔С╦Р/, [d═б╩Т╩К.├д╦Р]	m.	gambling	architecture	building components								jalapa
jogar		рдЬреБрдЖрд░реА		рдЬреБрдЖрд░реА		jogar	jogar (Source: Dalgado);  Sanskrit рджреНрдпреВрдд https://en.wiktionary.org/wiki/%E0%A4%A6%E0%A5%8D%E0%A4%AF%E0%A5%82%E0%A4%A4#Sanskrit (Source: Wiktionary)	jogar (Source: Dalgado);  Sanskrit рджреНрдпреВрдд  (Source: Wiktionary)	 Sanskrit рджреНрдпреВрдд https://en.wiktionary.org/wiki/%E0%A4%A6%E0%A5%8D%E0%A4%AF%E0%A5%82%E0%A4%A4#Sanskrit (Source: Wiktionary)	ju─Бr─л	╪м┘И╪з╪▒█М	noun	(Delhi) IPA(key): /d═б╩Т╩К.╔С╦Р.╔╛i╦Р/, [d═б╩Т╩К.├д╦Р.╔╛i╦Р]	m.	gambler	architecture	building components								janela
gentio	<0.01	рдЬреЗрдВрдЯреВ	2	рдЬреЗрдВрдЯреВ		NA				jс║╜с╣н┼л	тБз╪м█М┘Ж┘╣┘ИтБй	noun	(Delhi Hindi) IPA(key): /d═б╩Тс║╜╦Р.╩Иu╦Р/	m.	Gentoo	religion	practices, beliefs and rituals	masc ┼л-stem	рдЬреЗрдВрдЯреВ	рдЬреЗрдВрдЯреВ	рдЬреЗрдВрдЯреВ	рдЬреЗрдВрдЯреВ	рдЬреЗрдВрдЯреБрдУрдВ	рдЬреЗрдВрдЯреБрдУ	fita
da Silva	0.06	рдбреАрд╕рд┐рд▓реНрд╡рд╛	54	рдбреАрд╕рд┐рд▓реНрд╡рд╛			 (Source: Dalgado); 			с╕Н─лsilv─Б	тБз┌И█М ╪│┘Д┘И╪зтБй	proper noun	(Delhi Hindi) IPA(key): /╔Цi╦Р.s╔кl.╩Л╔С╦Р/, [╔Цi╦Р.s╔кl.╩Л├д╦Р]		a surname from Portuguese, equivalent to English D'Silva or Desilva										cruz
tabaco		рддрдВрдмрд╛рдХреВ	12641	рддрдВрдмрд╛рдХреВ		tabaco	tabaco (Source: Dalgado); Persian ╪к┘Ж╪и╪з┌й┘И (Source: Wiktionary)	tabaco (Source: Dalgado); Persian ╪к┘Ж╪и╪з┌й┘И (Source: Wiktionary)	Persian ╪к┘Ж╪и╪з┌й┘И (Source: Wiktionary)	tamb─Бk┼л	╪к┘Ж╪и╪з┌й┘И 	noun	(Delhi) IPA(key): /t╠к╔Щm.b╔С╦Р.ku╦Р/, [t╠к╔Р╠Гm.b├д╦Р.ku╦Р]	m.	tobacco										setembro
tambor		рддрдВрдмреВрд░рд╛	138	рддрдВрдмреВрд░рд╛		tambor	tambor (Source: Dalgado); Persian tamb┼лra (Source: McGregor)	tambor (Source: Dalgado); Persian tamb┼лra (Source: McGregor)	Persian tamb┼лra (Source: McGregor)	t─Бnp┼лr─Б	╪к┘Ж┘╛┘И╪▒╪з	noun	(Delhi) IPA(key): /t╠к╔С╦Рn.pu╦Р.╔╛╔С╦Р/, [t╠к├д╠Г╦Рn.pu╦Р.╔╛├д╦Р]	m.	tanpura										sorte
toronja		рддреБрд░рдВрдЬ	7	рддреБрд░рдВрдЬ		toronja	toronja (Source: Dalgado); Persian turanj (Source: McGregor)	toronja (Source: Dalgado); Persian turanj (Source: McGregor)	Persian turanj (Source: McGregor)	turanj	╪к╪▒┘Ж╪м	noun		m.	a kind of citron										tambor
tuf├гo		рддреВрдлрд╝рд╛рди	3572	рддреВрдлрд╝рд╛рди		? tuf├гo	? tuf├гo (Source: Dalgado); Persian ╪╖┘И┘Б╪з┘Ж (Source: Wiktionary, McGregor)	? tuf├гo (Source: Dalgado); Persian ╪╖┘И┘Б╪з┘Ж (Source: Wiktionary, McGregor)	Persian ╪╖┘И┘Б╪з┘Ж (Source: Wiktionary, McGregor)	t┼лf─Бn	╪╖┘И┘Б╪з┘Ж	noun	(Delhi) IPA(key): /t╠кu╦Р.f╔С╦Рn/, [t╠кu╦Р.f├д╠Г╦Рn], /t╠кu╦Р.p╩░╔С╦Рn/, [t╠кu╦Р.p╩░├д╠Г╦Рn]	m.	storm, tempest & hurricane										toalha
toalha	3,33	рддреМрд▓рд┐рдпрд╛	3,006	рддреМрд▓рд┐рдпрд╛		toalha	toalha (Source: Dalgado); English towel (Source: McGregor)	toalha (Source: Dalgado); English towel (Source: McGregor)	English towel (Source: McGregor)	tauliy─Б	╪к┘О┘И┘Д┘Р█М┘О█БтБй	noun	(Delhi Hindi) IPA(key): /t╠к╔Ф╦Р.l╔к.j╔С╦Р/, [t╠к╔Ф╦Р.li.j├д╦Р]	m.	towel	household	textiles	masc ─Б-stem	рддреМрд▓рд┐рдпрд╛	рддреМрд▓рд┐рдП, рддреМрд▓рд┐рдпреЗ	рддреМрд▓рд┐рдП, рддреМрд▓рд┐рдпреЗ	рддреМрд▓рд┐рдП, рддреМрд▓рд┐рдпреЗ	рддреМрд▓рд┐рдпреЛрдВ	рддреМрд▓рд┐рдпреЛ	tabaco
dezembro	172.66	рджрд┐рд╕рдВрдмрд░	155,631	рджрд┐рд╕рдВрдмрд░		NA	English December (Source: McGregor)	English December (Source: McGregor)	English December (Source: McGregor)	disambara	╪п╪│┘Е╪и╪▒тБй 	noun	(Delhi Hindi) IPA(key): /d╠к╔к.s╔Щm.b╔Щ╔╛/, [d╠к╔к.s╔Р╠Гm.b╔Р╔╛]	m.	December	calendar	month	masc cons-stem	рджрд┐рд╕рдВрдмрд░	рджрд┐рд╕рдВрдмрд░	рджрд┐рд╕рдВрдмрд░	рджрд┐рд╕рдВрдмрд░	рджрд┐рд╕рдВрдмрд░реЛрдВ	рджрд┐рд╕рдВрдмрд░реЛ	cunha
leila╠Гo	3.34	рдиреАрд▓рд╛рдо	3,011	рдиреАрд▓рд╛рдо		leila╠Гo	leila╠Гo (Source: Dalgado)	leila╠Гo (Source: Dalgado)		n─лl─Бm	 тБз┘Ж█М┘Д╪з┘ЕтБй	noun	(Delhi Hindi) IPA(key): /ni╦Р.l╔С╦Рm/, [ni╦Р.l├д╠Г╦Рm]	m 	auction (a public event where goods are sold through bidding)	commerce and business	financial transactions	masc cons-stem	рдиреАрд▓рд╛рдо	рдиреАрд▓рд╛рдо	рдиреАрд▓рд╛рдо	рдиреАрд▓рд╛рдо	рдиреАрд▓рд╛рдореЛрдВ	рдиреАрд▓рд╛рдореЛ	jogar
papaia		рдкрдкреАрддрд╛	8222	рдкрдкреАрддрд╛		papaia	papaia (Source: Dalgado); 	papaia (Source: Dalgado); 		pap─лt─Б	┘╛┘╛█М╪к╪з	noun		m.	papaya	botany	fruits								padre
prato		рдкрд░рд╛рдд	400	рдкрд░рд╛рдд		prato	prato (Source: Dalgado); Sanskrit рдкрд╛рддреНрд░ (Source: Dasa) https://dsal.uchicago.edu/cgi-bin/app/dasa-hindi_query.py?qs=%E0%A4%AA%E0%A4%B0%E0%A4%BE%E0%A4%A4&searchhws=yes&matchtype=exact)	prato (Source: Dalgado); Sanskrit рдкрд╛рддреНрд░ (Source: Dasa) 	Sanskrit рдкрд╛рддреНрд░ (Source: Dasa) https://dsal.uchicago.edu/cgi-bin/app/dasa-hindi_query.py?qs=%E0%A4%AA%E0%A4%B0%E0%A4%BE%E0%A4%A4&searchhws=yes&matchtype=exact)	par─Бt	┘╛╪▒╪з╪к	noun	(Delhi) IPA(key): /p╔Щ.╔╛╔С╦Рt╠к/, [p╔Р.╔╛├д╦Рt╠к]	f.	receipt	tableware									pol├нcia
padre	5.53	рдкрд╛рджрд░реА	4980	рдкрд╛рджрд░реА		padre	padre (Source: Dalgado)	padre (Source: Dalgado)		p─Бdar─л	┘╛╪з╪п┘Т╪▒█МтБй	noun	(Delhi Hindi) IPA(key): /p╔С╦Рd╠к.╔╛i╦Р/, [p├д╦Рd╠к.╔╛i╦Р]	m.	Christian priest or minister; chaplain.	religion	practices, beliefs and rituals	masc ─л-stem	рдкрд╛рджрд░реА	рдкрд╛рджрд░реА	рдкрд╛рджрд░реА	рдкрд╛рджрд░реА	рдкрд╛рджрд░рд┐рдпреЛрдВ	рдкрд╛рджрд░рд┐рдпреЛ	mestre
p├гo		рдкрд╛рд╡-рд░реЛрдЯреА	94	рдкрд╛рд╡-рд░реЛрдЯреА		p├гo	p├гo (Source: Dalgado); Sanskrit рдкрджреН https://en.wiktionary.org/wiki/%E0%A4%AA%E0%A4%A6%E0%A5%8D#Sanskrit (Source:McGregor)	p├гo (Source: Dalgado); Sanskrit рдкрджреН  (Source:McGregor)	Sanskrit рдкрджреН https://en.wiktionary.org/wiki/%E0%A4%AA%E0%A4%A6%E0%A5%8D#Sanskrit (Source:McGregor)	p─Бv-rot─л		noun		f.	loaf of bread	culinary	food / baked goods								outubro
pires		рдкрд┐рд░рд┐рдЪ	0	рдкрд┐рд░рд┐рдЪ		pires	pires (Source: Dalgado); English press (Source: Wiktionary, McGregor)	pires (Source: Dalgado); English press (Source: Wiktionary, McGregor)	English press (Source: Wiktionary, McGregor)	piric	┘╛╪▒┌Ж	noun	(Delhi) IPA(key): /p╔к.╔╛╔кt═б╩Г/	m.	saucer  & a flat surface (as used in pressing out indigo)	household	tableware								peru
pistola	6.07	рдкрд┐рд╕реНрддреМрд▓	5,470	рдкрд┐рд╕реНрддреМрд▓		pistola	pistola (Source: Dalgado); English pistol (Source: Dalgado)	pistola (Source: Dalgado); English pistol (Source: Dalgado)	English pistol (Source: Dalgado)	pistaula	┘╛╪│╪╖┘И┘Д	noun	(Delhi Hindi) IPA(key): /p╔кs.t╠к╔Ф╦Рl/	f.	pistol, gun	military	weapons, explosives, devices	fem cons-stem	рдкрд┐рд╕реНрддреМрд▓	рдкрд┐рд╕реНрддреМрд▓	рдкрд┐рд╕реНрддреМрд▓	рдкрд┐рд╕реНрддреМрд▓реЗрдВ	рдкрд┐рд╕реНрддреМрд▓реЛрдВ	рдкрд┐рд╕реНрддреМрд▓реЛ	pipa
pipa	?0.93	рдкреАрдкрд╛	?834	рдкреАрдкрд╛		pipa	pipa (Source: Dalgado)	pipa (Source: Dalgado)		p─лp─Б	┘╛█М┘╛╪з	noun	(Delhi Hindi) IPA(key): /pi╦Р.p╔С╦Р/, [pi╦Р.p├д╦Р]	m.	cylinder, barrel, cask		containers	masc ─Б-stem	рдкреАрдкрд╛	рдкреАрдкреЗ	рдкреАрдкреЗ	рдкреАрдкреЗ	рдкреАрдкреЛрдВ	рдкреАрдкреЛ	papaia
peru		рдкреАрд░реВ	N	рдкреАрд░реВ		peru	peru (Source: Dalgado); Persian  ┘╛┘Р█М┘Д ┘Е┘П╪▒┘Т╪║ (Source:Dasa)	peru (Source: Dalgado); Persian  ┘╛┘Р█М┘Д ┘Е┘П╪▒┘Т╪║ (Source:Dasa)	Persian  ┘╛┘Р█М┘Д ┘Е┘П╪▒┘Т╪║ (Source:Dasa)	p─лr┼л	┘╛█М╪▒┘И	noun	(Delhi) IPA(key): /pi╦Р.╔╛u╦Р/	m.	turkey										p├гo
pol├нcia		рдкреБрд▓рд┐рд╕		рдкреБрд▓рд┐рд╕		? pol├нcia	? pol├нcia (Source: Dalgado); English police (Source: D, McGregor)	? pol├нcia (Source: Dalgado); English police (Source: D, McGregor)	English police (Source: D, McGregor)	pulis	┘╛┘И┘Д╪│	noun	(Delhi) IPA(key): /p╩К.l╔кs/	f.	the police										pires
forma		рдлрд╝рд░реНрдорд╛		рдлрд╝рд░реНрдорд╛		forma	forma (Source: Dalgado)	forma (Source: Dalgado)		form─Б		noun			in the sense of тАШmould, appearanceтАЩ										falto
falto		рдлрд╝рд╛рд▓рддреВ		рдлрд╝рд╛рд▓рддреВ		falto	falto (Source: Dalgado)	falto (Source: Dalgado)		f─Бlt┼л	┘Б╪з┘Д╪к┘И	adj.	(Delhi) IPA(key): /f╔С╦Рl.t╠кu╦Р/, [f├д╦Рl.t╠кu╦Р], /p╩░╔С╦Рl.t╠кu╦Р/, [p╩░├д╦Рl.t╠кu╦Р]		unnecessary, pointless & bad; not nice; of poor quality & useless, irrelevant, good-for-nothing (used for someone)										est├бbulo
fita		реЮреАрддрд╛	0	реЮреАрддрд╛		fita	fita (Source: Dalgado)	fita (Source: Dalgado)		f─лt─Б	 тБз┘Б█М╪к█БтБй	noun	(Delhi Hindi) IPA(key): /fi╦Р.t╠к╔С╦Р/, [fi╦Р.t╠к├д╦Р], /p╩░i╦Р.t╠к╔С╦Р/, [p╩░i╦Р.t╠к├д╦Р]	m.	lace; shoelace & tape; tape measure & ribbon			masc ─Б-stem	рдлрд╝реАрддрд╛	рдлрд╝реАрддреЗ	рдлрд╝реАрддреЗ	рдлрд╝реАрддреЗ	рдлрд╝реАрддреЛрдВ	рдлрд╝реАрддреЛ	estirar
baixel		рдмрдЬрд░рд╛		рдмрдЬрд░рд╛		? baixel	? baixel (Source: Dalgado); Arabic ╪и╪║┘Д╪й https://en.wiktionary.org/wiki/%D8%A8%D8%BA%D9%84%D8%A9 (Source: Dalgado)	? baixel (Source: Dalgado); Arabic ╪и╪║┘Д╪й  (Source: Dalgado)	Arabic ╪и╪║┘Д╪й https://en.wiktionary.org/wiki/%D8%A8%D8%BA%D9%84%D8%A9 (Source: Dalgado)	bajr─Б	╪и╪м╪▒╪з	noun		m.	A kind of boat commonly used for travelling; a large kind of pleasure-boat (round-bottomed and keel-less, тАФ commonly called 'budgerow').										bacia ou bacio
bot├гo		рдмрдЯрди	17333	рдмрдЯрди		bot├гo	bot├гo (Source: Dalgado); English button (Source: Dasa)	bot├гo (Source: Dalgado); English button (Source: Dasa)	English button (Source: Dasa)	baс╣нan	╪и┘╣┘Ж	noun		m.	button (fastener) &  button (presser)										biscoito
bomba	0.17	рдмрдВрдмрд╛	154	рдмрдВрдмрд╛		bomba	bomba (Source: Dalgado)	bomba (Source: Dalgado)		bamb─Б	╪и┘Е╪и█Б	noun	(Delhi) IPA(key): /b╔Щm.b╔С╦Р/, [b╔Р╠Гm.b├д╦Р]	m.	pump; water pump & channel, narrow river, creek	military	weapons, explosives, devices								beringela
pompa	0.34	рдмрдВрдмрд╛	304	рдмрдВрдмрд╛						bamb─Б	╪и┘Е╪и█БтБй	noun	(Delhi Hindi) IPA(key): /b╔Щm.b╔С╦Р/, [b╔Р╠Гm.b├д╦Р]	m.	pump; water pump & channel, narrow river, creek			masc ─Б-stem	рдмрдВрдмрд╛	рдмрдВрдмреЗ	рдмрдВрдмреЗ	рдмрдВрдмреЗ	рдмрдВрдмреЛрдВ	рдмрдВрдмреЛ	pistola
verruma		рдмрд░рдорд╛	131	рдмрд░рдорд╛		verruma	verruma (Source: Dalgado)	verruma (Source: Dalgado)		barm─Б	╪и╪▒┘Е╪з	noun	(Delhi) IPA(key): /b╔Щ╔╛.m╔С╦Р/, [b╔Р╔╛.m├д╦Р]	m.	(tool) drill, borer										tuf├гo
varanda	5.03	рдмрд░рд╛рдорджрд╛	4,533	рдмрд░рд╛рдорджрд╛		varanda	varanda (Source: Dalgado); Persian bar ─Бmada 'come forth' (Source: McGregor)	varanda (Source: Dalgado); Persian bar ─Бmada 'come forth' (Source: McGregor)	Persian bar ─Бmada 'come forth' (Source: McGregor)	bar─Бmad─Б	╪и╪▒╪з┘Е╪п╪з	noun	(Delhi Hindi) IPA(key): /b╔Щ.╔╛╔С╦Рm.d╠к╔С╦Р/, [b╔Р.╔╛├д╠Г╦Рm.d╠к├д╦Р]	m.	verandah	architecture		masc ─Б-stem	рдмрд░рд╛рдорджрд╛	рдмрд░рд╛рдорджреЗ	рдмрд░рд╛рдорджреЗ	рдмрд░рд╛рдорджреЗ	рдмрд░рд╛рдорджреЛрдВ	рдмрд░рд╛рдорджреЛ	toronja
basta		рдмрд╕	281570	рдмрд╕		basta	basta (Source: Dalgado); Persian ╪и╪│ https://en.wiktionary.org/wiki/%D8%A8%D8%B3#Persian (Source: Dalgado; Wiktionary; McGregor)	basta (Source: Dalgado); Persian ╪и╪│  (Source: Dalgado; Wiktionary; McGregor)	Persian ╪и╪│ https://en.wiktionary.org/wiki/%D8%A8%D8%B3#Persian (Source: Dalgado; Wiktionary; McGregor)	bas	╪и╪│	adv.			merely, only										balde
baptismo	1.37	рдмрд╛рдкреНрддрд┐рд╕реНрдорд╛	1231	рдмрд╛рдкреНрддрд┐рд╕реНрдорд╛		? baptismo	? baptismo (Source: Dalgado); English baptism (Source: Dalgado)	? baptismo (Source: Dalgado); English baptism (Source: Dalgado)	English baptism (Source: Dalgado)	b─Бptism─Б	╪и┘Е╪и█Б	noun	(Delhi Hindi) IPA(key): /b╔С╦Рp.t╠к╔кs.m╔С╦Р/, [b├д╦Рp.t╠к╔кs.m├д╦Р]	m. 	(Christianity) baptism	religion	practices, beliefs and rituals	masc ─Б-stem	рдмрд╛рдкреНрддрд┐рд╕реНрдорд╛	рдмрд╛рдкреНрддрд┐рд╕реНрдореЗ	рдмрд╛рдкреНрддрд┐рд╕реНрдореЗ	рдмрд╛рдкреНрддрд┐рд╕реНрдореЗ	рдмрд╛рдкреНрддрд┐рд╕реНрдореЛрдВ	рдмрд╛рдкреНрддрд┐рд╕реНрдореЛ	baixel
balde	4.31	рдмрд╛рд▓рдЯреА	3,889	рдмрд╛рд▓рдЯреА		balde	balde (Source: Dalgado)	balde (Source: Dalgado)		b─Бlaс╣н─л	╪и╪з┘Д┘╣█М	noun	(Delhi Hindi) IPA(key): /b╔С╦Рl.╩Иi╦Р/, [b├д╦Рl.╩Иi╦Р]	f.	bucket, container	objects	domestic items	fem ─л-stem	рдмрд╛рд▓рдЯреА	рдмрд╛рд▓рдЯреА	рдмрд╛рд▓рдЯреА	рдмрд╛рд▓рдЯрд┐рдпрд╛рдБ	рдмрд╛рд▓рдЯрд┐рдпреЛрдВ	рдмрд╛рд▓рдЯрд┐рдпреЛ	bafo
bacia ou bacio		рдмрд╛рд╕рди	5613	рдмрд╛рд╕рди		bacia ou bacio	bacia ou bacio (Source: Dalgado); Sanskrit рднрд╛рдЬрди https://kosha.app/word/sa/%E0%A4%AD%E0%A4%BE%E0%A4%9C%E0%A4%A8 (Source: Dalgado)	bacia ou bacio (Source: Dalgado); Sanskrit рднрд╛рдЬрди  (Source: Dalgado)	Sanskrit рднрд╛рдЬрди https://kosha.app/word/sa/%E0%A4%AD%E0%A4%BE%E0%A4%9C%E0%A4%A8 (Source: Dalgado)	b─Бsan	╪и╪з╪│┘Ж	noun	(Delhi) IPA(key): /b╔С╦Р.s╔Щn/, [b├д╦Р.s╔Р╠Гn]	m.	pot; any container 	household	tableware								arr├бtel
biscoito		рдмрд┐рд╕реНрдХреБрдЯ	4,128	рдмрд┐рд╕реНрдХреБрдЯ		biscoito	biscoito (Source: Dalgado); English biscuit (Source: Wiktionary)	biscoito (Source: Dalgado); English biscuit (Source: Wiktionary)	English biscuit (Source: Wiktionary)	biskuс╣н	╪и╪│┌й┘╣	noun	(Delhi) IPA(key): /b╔кs.k╩К╩И/	m.	biscuit, cookie, cracker	culinary	food / baked goods								basta
beringela		рдмреИрдВрдЧрди	4460	рдмреИрдВрдЧрди		beringela	beringela (Source: Dalgado); Prakrit ЁСАпЁСА╕ЁСАЗЁСАБЁСАХЁСАб https://en.wiktionary.org/wiki/%F0%91%80%AF%F0%91%80%B8%F0%91%80%87%F0%91%80%81%F0%91%80%95%F0%91%80%A1#Prakrit, from Sanskrit рд╡рдЩреНрдЧрди https://en.wiktionary.org/wiki/%E0%A4%B5%E0%A4%99%E0%A5%8D%E0%A4%97%E0%A4%A8#Sanskrit (Source: Wiktionary);  Persian ╪и╪з╪п┘Ж╪м╪з┘Ж https://en.wiktionary.org/wiki/%D8%A8%D8%A7%D8%AF%D9%86%D8%AC%D8%A7%D9%86#Persian (Source: Soares,  Wiktionary) 	beringela (Source: Dalgado); Prakrit ЁСАпЁСА╕ЁСАЗЁСАБЁСАХЁСАб  from Sanskrit рд╡рдЩреНрдЧрди  (Source: Wiktionary);  Persian ╪и╪з╪п┘Ж╪м╪з┘Ж  (Source: Soares,  Wiktionary) 	Prakrit ЁСАпЁСА╕ЁСАЗЁСАБЁСАХЁСАб https://en.wiktionary.org/wiki/%F0%91%80%AF%F0%91%80%B8%F0%91%80%87%F0%91%80%81%F0%91%80%95%F0%91%80%A1#Prakrit, from Sanskrit рд╡рдЩреНрдЧрди https://en.wiktionary.org/wiki/%E0%A4%B5%E0%A4%99%E0%A5%8D%E0%A4%97%E0%A4%A8#Sanskrit (Source: Wiktionary);  Persian ╪и╪з╪п┘Ж╪м╪з┘Ж https://en.wiktionary.org/wiki/%D8%A8%D8%A7%D8%AF%D9%86%D8%AC%D8%A7%D9%86#Persian (Source: Soares,  Wiktionary) 	baiс╣Еgan	╪и█М┘Ж┌п┘Ж	noun	(Delhi) IPA(key): /b╔Ы╦Р┼Л.╔б╔Щn/, [b╔Ы╠Г╦Р┼Л.╔б╔Р╠Гn]	m.	eggplant, aubergine, brinjal										baptismo
botelha	24.63	рдмреЛрддрд▓	22,198	рдмреЛрддрд▓		? botelha	? botelha (Source: Dalgado); English bottle (Source: Dalgado)	? botelha (Source: Dalgado); English bottle (Source: Dalgado)	English bottle (Source: Dalgado)	b┼Нtal	╪и┘И╪к┘О┘Д	noun	IPA(key): [╦Иbo(╦Р)t╠к╔Щl╠к]	f.	bottle	objects	drinkware	fem cons-stem	рдмреЛрддрд▓	рдмреЛрддрд▓	рдмреЛрддрд▓	рдмреЛрддрд▓реЗрдВ	рдмреЛрддрд▓реЛрдВ	рдмреЛрддрд▓реЛ	bomba
bafo		рднрд╛рдк	5890	рднрд╛рдк		? bafo	? bafo (Source: Dalgado); Sanksrit рд╡рд╛рд╖реНрдк https://en.wiktionary.org/wiki/%E0%A4%B5%E0%A4%BE%E0%A4%B7%E0%A5%8D%E0%A4%AA#Sanskrit (Source: Dalgado)	? bafo (Source: Dalgado); Sanksrit рд╡рд╛рд╖реНрдк  (Source: Dalgado)	Sanksrit рд╡рд╛рд╖реНрдк https://en.wiktionary.org/wiki/%E0%A4%B5%E0%A4%BE%E0%A4%B7%E0%A5%8D%E0%A4%AA#Sanskrit (Source: Dalgado)	bh─Бp	╪и┌╛╪з┘╛	noun		m.	steam, water vapour  & vapour, gas	sensory perception	smell								ata
m├бrmore		рдорд░рдорд░	53	рдорд░рдорд░		m├бrmore	m├бrmore (Source: Dalgado); Persian ┘Е╪▒┘Е╪▒ https://en.wiktionary.org/wiki/%D9%85%D8%B1%D9%85%D8%B1#Persian (Source: Wiktionary, McGregor)	m├бrmore (Source: Dalgado); Persian ┘Е╪▒┘Е╪▒  (Source: Wiktionary, McGregor)	Persian ┘Е╪▒┘Е╪▒ https://en.wiktionary.org/wiki/%D9%85%D8%B1%D9%85%D8%B1#Persian (Source: Wiktionary, McGregor)	marmar	┘Е╪▒┘Е╪▒	noun	(Delhi) IPA(key): /m╔Щ╔╛.m╔Щ╔╛/, [m╔Р╔╛.m╔Р╔╛]	m.	marble	materials	stone types								leila╠Гo
mesti├зo		рдорд╕реНрддреАрд╕рд╛	0	рдорд╕реНрддреАрд╕рд╛		mesti├зo	mesti├зo (Source: Dalgado)	mesti├зo (Source: Dalgado)		mast─лs─Б	┘Е┘О╪│╪к┘Р█М╪│╪з	noun		m. or f.	half-caste										m├кs
mastro	0.24	рдорд╕реНрддреВрд▓	219	рдорд╕реНрддреВрд▓		mastro	mastro (Source: Dalgado)	mastro (Source: Dalgado)		mast┼лla	┘Е╪│╪к┘И┘Д	noun	(Delhi) IPA(key): /m╔Щs.t╠кu╦Рl/, [m╔Рs.t╠кu╦Рl]	m.	mast	nautics	nautical tools, components and materials								m├бrmore
martelo	<0.01	рдорд╛рд░рддреМрд▓	2	рдорд╛рд░рддреМрд▓		martelo	martelo (Source: Dalgado)	martelo (Source: Dalgado)		m─Бrataula	┘Е╪з╪▒╪к┘И┘Д	noun	(Delhi Hindi) IPA(key): /m╔С╦Р╔╛.t╠к╔Ф╦Рl/, [m├д╦Р╔╛.t╠к╔Ф╦Рl]		a heavy hammer, hammer 	objects	tools	masc cons-stem	рдорд╛рд░рддреМрд▓	рдорд╛рд░рддреМрд▓	рдорд╛рд░рддреМрд▓	рдорд╛рд░рддреМрд▓	рдорд╛рд░рддреМрд▓реЛрдВ	рдорд╛рд░рддреМрд▓реЛ	lingui├зa
m├кs		рдорд╛рд╕-рдХрдмрд╛рд░	0	рдорд╛рд░реНрддреЛрд▓		m├кs	m├кs (Source: Dalgado)	m├кs (Source: Dalgado)		m─Бs-kab─Бr	┘Е╪з╪│ ┌й┘О╪и╪з╪▒	noun		m.	last day of a month, monthly statement										martelo
mestre		рдорд┐рд╕реНрддрд░реА	0	рдорд╛рд╕-рдХрдмрд╛рд░		mestre	mestre (Source: Dalgado)	mestre (Source: Dalgado)		mistar─л	┘Е╪│╪к╪▒█М	noun			skilled tradesman	education	leadership and authority								mesa
mestre		рдорд┐рд╕реНрддреНрд░реА	54	рдорд┐рд╕реНрддрд░реА		mestre	mestre (Source: Dalgado)	mestre (Source: Dalgado)		mistar─л	┘Е╪│╪к╪▒█М	noun	(Delhi) IPA(key): /m╔кs.t╠к╔╛i╦Р/	m.	skilled tradesman	education	leadership and authority								mesti├зo
mestre		рдорд┐рд╕реНрддреНрд░реА	N	рдорд┐рд╕реНрддреНрд░реА		mestre	mestre (Source: Dalgado)	mestre (Source: Dalgado)		mistr─л	 тБз┘Е┘Р╪│┘Т╪к┘Т╪▒█МтБй	noun	(Delhi Hindi) IPA(key): /m╔кs.t╠к╔╛i╦Р/	m.	mechanic & artisan, craftsman	education	leadership and authority	masc ─л-stem	рдорд┐рд╕реНрддреНрд░реА	рдорд┐рд╕реНрддреНрд░реА	рдорд┐рд╕реНрддреНрд░реА	рдорд┐рд╕реНрддреНрд░реА	рдорд┐рд╕реНрддреНрд░рд┐рдпреЛрдВ	рдорд┐рд╕реНрддреНрд░рд┐рдпреЛ	mestre
mesa		рдореЗрдЬрд╝	2319	рдореЗрдЬрд╝		mesa	mesa (Source: Dalgado); Persian ┘Е█М╪▓ https://en.wiktionary.org/wiki/%D9%85%DB%8C%D8%B2#Persian (Source: Wiktionary, McGregor)	mesa (Source: Dalgado); Persian ┘Е█М╪▓  (Source: Wiktionary, McGregor)	Persian ┘Е█М╪▓ https://en.wiktionary.org/wiki/%D9%85%DB%8C%D8%B2#Persian (Source: Wiktionary, McGregor)	mez	┘Е█М╪▓	noun	(Delhi) IPA(key): /me╦Рz/, /me╦Рd═б╩Т/	f.	table	furniture	pieces of furniture								mastro
arr├бtel		рд░рддрд▓	9	рд░рддрд▓		arr├бtel	arr├бtel (Source: Dalgado); Arabic rat╠дl (Source: McGregor)	arr├бtel (Source: Dalgado); Arabic rat╠дl (Source: McGregor)	Arabic rat╠дl (Source: McGregor)	ratal	╪▒╪╖┘Д	noun		m.	a pound weight										arm├бrio
recibo		рд░рд╕реАрдж	5471	рд░рд╕реАрдж		recibo	recibo (Source: Dalgado); Persian ╪▒╪│█М╪п (Source: McGregor)	recibo (Source: Dalgado); Persian ╪▒╪│█М╪п (Source: McGregor)	Persian ╪▒╪│█М╪п (Source: McGregor)	ras─лd	╪▒╪│█М╪п	noun	(Delhi) IPA(key): /╔╛╔Щ.si╦Рd╠к/, [╔╛╔Р.si╦Рd╠к]	f.	receipt	commerce and business	financial transactions								prego
lingui├зa		рд▓рдВрдЧреВрдЪрд╛	2	рд▓рдВрдЧреВрдЪрд╛		lingui├зa	lingui├зa (Source: Dalgado); Sanskrit рд▓рд┐рдЩреНрдЧ+рдЙрдЪреНрдЪрдпрдГ (Source: Platts)	lingui├зa (Source: Dalgado); Sanskrit рд▓рд┐рдЩреНрдЧ+рдЙрдЪреНрдЪрдпрдГ (Source: Platts)	Sanskrit рд▓рд┐рдЩреНрдЧ+рдЙрдЪреНрдЪрдпрдГ (Source: Platts)	languch─Б		noun		m.	a sausage										lampada
lampada		рд▓реИрдВрдк	3339	рд▓реИрдВрдк		lampada	lampada (Source: Dalgado); English lamp (Source: Dalgado)	lampada (Source: Dalgado); English lamp (Source: Dalgado)	English lamp (Source: Dalgado)	laimp	┘Д█М┘Е┘╛	noun		m.	lamp										jogar
sorte		рд╢рд░реНрддреА	11	рд╢рд░реНрддреА		sorte	sorte (Source: Dalgado); Arabic ╪┤┘О╪▒┘Т╪╖ (Source: Wiktionary)	sorte (Source: Dalgado); Arabic ╪┤┘О╪▒┘Т╪╖ (Source: Wiktionary)	Arabic ╪┤┘О╪▒┘Т╪╖ (Source: Wiktionary)	┼Ыart	╪┤╪▒╪╖	noun	(Delhi) IPA(key): /╩Г╔Щ╔╛t╠к/, [╩Г╔Р╔╛t╠к]	f.	condition, requirement & wager, bet 										salsaparrilha
salada		рд╕рд▓рд╛рдж	9076	рд╕рд▓рд╛рдж		salada	salada (Source: Dalgado); French salade (Source: McGregor)	salada (Source: Dalgado); French salade (Source: McGregor)	French salade (Source: McGregor)	sal─Бd		noun		m.	salad										sagu
sagu		рд╕рд╛рдЧреВ	32	рд╕рд╛рдЧреВ		? sagu	? sagu (Source: Dalgado); Indonesian sagu (Source: McGregor)	? sagu (Source: Dalgado); Indonesian sagu (Source: McGregor)	Indonesian sagu (Source: McGregor)	s─Бg┼л	╪│╪з┌п┘И	noun	(Delhi) IPA(key): /s╔С╦Р.╔бu╦Р/, [s├д╦Р.╔бu╦Р]	m.	sago										recibo
sab├гo		рд╕рд╛рдмреБрди	11540	рд╕рд╛рдмреБрди		sab├гo	sab├гo (Source: Dalgado); A. с╣г─Бbun (Source: McGregor); Persian ╪╡╪з╪и┘И┘Ж (Source: Wiktionary)	sab├гo (Source: Dalgado); A. с╣г─Бbun (Source: McGregor); Persian ╪╡╪з╪и┘И┘Ж (Source: Wiktionary)	A. с╣г─Бbun (Source: McGregor); Persian ╪╡╪з╪и┘И┘Ж (Source: Wiktionary)	s─Бbun	╪╡╪з╪и┘Ж	noun	(Delhi) IPA(key): /s╔С╦Р.b╩Кn/, [s├д╦Р.b╩К╠Гn]	m.	soap	cleaning and hygiene									querubim
saia		рд╕рд╛рдпрд╛	9045	рд╕рд╛рдпрд╛		saia	saia (Source: Dalgado)	saia (Source: Dalgado)		s─Бy─Б	╪│╪з█М█БтБй	noun	(Delhi Hindi) IPA(key): /s╔С╦Р.j╔С╦Р/, [s├д╦Р.j├д╦Р]	m.	petticoat	clothing	clothing items	masc ─Б-stem	рд╕рд╛рдпрд╛	рд╕рд╛рдП, рд╕рд╛рдпреЗ	рд╕рд╛рдП, рд╕рд╛рдпреЗ	рд╕рд╛рдП, рд╕рд╛рдпреЗ	рд╕рд╛рдпреЛрдВ	рд╕рд╛рдпреЛ	sab├гo
salsaparrilha	?0.33	рд╕рд╛рд▓рд╕рд╛	 ?297	рд╕рд╛рд▓рд╕рд╛		NA				s─Бlas─Б		noun	(Delhi Hindi) IPA(key): /s╔С╦Рl.s╔С╦Р/, [s├д╦Рl.s├д╦Р]	m.	Indian sarsparilla	botany	plants								saia
setembro	142.28	рд╕рд┐рддрдВрдмрд░	128,243	рд╕рд┐рддрдВрдмрд░		NA	setembro (Source: Wiktionary); English September (Source: McGregor)	setembro (Source: Wiktionary); English September (Source: McGregor)	English September (Source: McGregor)	sitambara	╪│╪к┘Е╪и╪▒	noun		m.	September	calendar	month								salada